file,line,type,commit,author,date,time,timezone,datetime,depth,length
style.css,1,css,6a5fdf4c,Vincent Gao,2026-04-07,17:25:52,-07:00,2026-04-07T17:25:52-07:00,0,4
style.css,2,css,6a5fdf4c,Vincent Gao,2026-04-07,17:25:52,-07:00,2026-04-07T17:25:52-07:00,1,31
style.css,3,css,6a5fdf4c,Vincent Gao,2026-04-07,17:25:52,-07:00,2026-04-07T17:25:52-07:00,1,32
style.css,4,css,fe4bca84,Vincent Gao,2026-04-16,17:29:29,-07:00,2026-04-16T17:29:29-07:00,1,17
style.css,5,css,6a5fdf4c,Vincent Gao,2026-04-07,17:25:52,-07:00,2026-04-07T17:25:52-07:00,0,0
style.css,6,css,6a5fdf4c,Vincent Gao,2026-04-07,17:25:52,-07:00,2026-04-07T17:25:52-07:00,0,0
style.css,7,css,0ecbbbaa,Vincent Gao,2026-04-02,21:58:07,-07:00,2026-04-02T21:58:07-07:00,0,4
style.css,8,css,0ecbbbaa,Vincent Gao,2026-04-02,21:58:07,-07:00,2026-04-02T21:58:07-07:00,1,43
style.css,9,css,0ecbbbaa,Vincent Gao,2026-04-02,21:58:07,-07:00,2026-04-02T21:58:07-07:00,0,42
style.css,10,css,0ecbbbaa,Vincent Gao,2026-04-02,21:58:07,-07:00,2026-04-02T21:58:07-07:00,0,0
style.css,11,css,0ecbbbaa,Vincent Gao,2026-04-02,21:58:07,-07:00,2026-04-02T21:58:07-07:00,1,23
style.css,12,css,cc157c22,Vincent Gao,2026-04-07,16:06:07,-07:00,2026-04-07T16:06:07-07:00,1,15
style.css,13,css,f0aaac55,Vincent Gao,2026-04-07,16:56:49,-07:00,2026-04-07T16:56:49-07:00,1,12
style.css,14,css,83749d51,Vincent Gao,2026-04-07,16:42:02,-07:00,2026-04-07T16:42:02-07:00,1,18
style.css,15,css,e3b4fd7f,Vincent Gao,2026-04-07,16:36:53,-07:00,2026-04-07T16:36:53-07:00,0,0
style.css,16,css,e3b4fd7f,Vincent Gao,2026-04-07,16:36:53,-07:00,2026-04-07T16:36:53-07:00,0,0
style.css,17,css,e3b4fd7f,Vincent Gao,2026-04-07,16:36:53,-07:00,2026-04-07T16:36:53-07:00,0,3
style.css,18,css,e3b4fd7f,Vincent Gao,2026-04-07,16:36:53,-07:00,2026-04-07T16:36:53-07:00,1,14
style.css,19,css,e3b4fd7f,Vincent Gao,2026-04-07,16:36:53,-07:00,2026-04-07T16:36:53-07:00,1,11
style.css,20,css,f0aaac55,Vincent Gao,2026-04-07,16:56:49,-07:00,2026-04-07T16:56:49-07:00,0,0
style.css,21,css,f0aaac55,Vincent Gao,2026-04-07,16:56:49,-07:00,2026-04-07T16:56:49-07:00,0,0
style.css,22,css,f0aaac55,Vincent Gao,2026-04-07,16:56:49,-07:00,2026-04-07T16:56:49-07:00,0,3
style.css,23,css,f0aaac55,Vincent Gao,2026-04-07,16:56:49,-07:00,2026-04-07T16:56:49-07:00,1,12
style.css,24,css,113f3224,Vincent Gao,2026-04-07,17:08:40,-07:00,2026-04-07T17:08:40-07:00,1,19
style.css,25,css,113f3224,Vincent Gao,2026-04-07,17:08:40,-07:00,2026-04-07T17:08:40-07:00,1,23
style.css,26,css,113f3224,Vincent Gao,2026-04-07,17:08:40,-07:00,2026-04-07T17:08:40-07:00,1,25
style.css,27,css,b2624170,Vincent Gao,2026-04-16,17:42:36,-07:00,2026-04-16T17:42:36-07:00,1,44
style.css,28,css,f0aaac55,Vincent Gao,2026-04-07,16:56:49,-07:00,2026-04-07T16:56:49-07:00,0,0
style.css,29,css,f0aaac55,Vincent Gao,2026-04-07,16:56:49,-07:00,2026-04-07T16:56:49-07:00,0,0
style.css,30,css,f0aaac55,Vincent Gao,2026-04-07,16:56:49,-07:00,2026-04-07T16:56:49-07:00,0,5
style.css,31,css,f0aaac55,Vincent Gao,2026-04-07,16:56:49,-07:00,2026-04-07T16:56:49-07:00,1,6
style.css,32,css,113f3224,Vincent Gao,2026-04-07,17:08:40,-07:00,2026-04-07T17:08:40-07:00,1,20
style.css,33,css,113f3224,Vincent Gao,2026-04-07,17:08:40,-07:00,2026-04-07T17:08:40-07:00,1,13
style.css,34,css,113f3224,Vincent Gao,2026-04-07,17:08:40,-07:00,2026-04-07T17:08:40-07:00,1,17
style.css,35,css,113f3224,Vincent Gao,2026-04-07,17:08:40,-07:00,2026-04-07T17:08:40-07:00,1,13
style.css,36,css,113f3224,Vincent Gao,2026-04-07,17:08:40,-07:00,2026-04-07T17:08:40-07:00,0,0
style.css,37,css,113f3224,Vincent Gao,2026-04-07,17:08:40,-07:00,2026-04-07T17:08:40-07:00,0,0
style.css,38,css,113f3224,Vincent Gao,2026-04-07,17:08:40,-07:00,2026-04-07T17:08:40-07:00,0,0
style.css,39,css,113f3224,Vincent Gao,2026-04-07,17:08:40,-07:00,2026-04-07T17:08:40-07:00,0,13
style.css,40,css,113f3224,Vincent Gao,2026-04-07,17:08:40,-07:00,2026-04-07T17:08:40-07:00,1,43
style.css,41,css,113f3224,Vincent Gao,2026-04-07,17:08:40,-07:00,2026-04-07T17:08:40-07:00,1,20
style.css,42,css,6a5fdf4c,Vincent Gao,2026-04-07,17:25:52,-07:00,2026-04-07T17:25:52-07:00,0,0
style.css,43,css,6a5fdf4c,Vincent Gao,2026-04-07,17:25:52,-07:00,2026-04-07T17:25:52-07:00,0,0
style.css,44,css,6a5fdf4c,Vincent Gao,2026-04-07,17:25:52,-07:00,2026-04-07T17:25:52-07:00,0,11
style.css,45,css,6a5fdf4c,Vincent Gao,2026-04-07,17:25:52,-07:00,2026-04-07T17:25:52-07:00,1,45
style.css,46,css,6a5fdf4c,Vincent Gao,2026-04-07,17:25:52,-07:00,2026-04-07T17:25:52-07:00,1,57
style.css,47,css,ef86e386,Vincent Gao,2026-04-07,17:35:42,-07:00,2026-04-07T17:35:42-07:00,0,0
style.css,48,css,ef86e386,Vincent Gao,2026-04-07,17:35:42,-07:00,2026-04-07T17:35:42-07:00,0,0
style.css,49,css,19fba610,Vincent Gao,2026-04-07,17:58:01,-07:00,2026-04-07T17:58:01-07:00,0,4
style.css,50,css,991ed842,Vincent Gao,2026-04-07,17:54:42,-07:00,2026-04-07T17:54:42-07:00,1,12
style.css,51,css,19fba610,Vincent Gao,2026-04-07,17:58:01,-07:00,2026-04-07T17:58:01-07:00,1,30
style.css,52,css,19fba610,Vincent Gao,2026-04-07,17:58:01,-07:00,2026-04-07T17:58:01-07:00,1,7
style.css,53,css,991ed842,Vincent Gao,2026-04-07,17:54:42,-07:00,2026-04-07T17:54:42-07:00,0,0
style.css,54,css,991ed842,Vincent Gao,2026-04-07,17:54:42,-07:00,2026-04-07T17:54:42-07:00,0,0
style.css,55,css,19fba610,Vincent Gao,2026-04-07,17:58:01,-07:00,2026-04-07T17:58:01-07:00,0,10
style.css,56,css,19fba610,Vincent Gao,2026-04-07,17:58:01,-07:00,2026-04-07T17:58:01-07:00,1,12
style.css,57,css,19fba610,Vincent Gao,2026-04-07,17:58:01,-07:00,2026-04-07T17:58:01-07:00,1,29
style.css,58,css,3700a005,Vincent Gao,2026-04-07,18:01:16,-07:00,2026-04-07T18:01:16-07:00,1,18
style.css,59,css,86cfdc60,Vincent Gao,2026-04-07,18:00:15,-07:00,2026-04-07T18:00:15-07:00,0,0
style.css,60,css,86cfdc60,Vincent Gao,2026-04-07,18:00:15,-07:00,2026-04-07T18:00:15-07:00,0,0
style.css,61,css,86cfdc60,Vincent Gao,2026-04-07,18:00:15,-07:00,2026-04-07T18:00:15-07:00,0,11
style.css,62,css,19fba610,Vincent Gao,2026-04-07,17:58:01,-07:00,2026-04-07T17:58:01-07:00,1,18
style.css,63,css,4be83f50,Vincent Gao,2026-04-07,18:18:15,-07:00,2026-04-07T18:18:15-07:00,0,0
style.css,64,css,4be83f50,Vincent Gao,2026-04-07,18:18:15,-07:00,2026-04-07T18:18:15-07:00,0,0
style.css,65,css,4be83f50,Vincent Gao,2026-04-07,18:18:15,-07:00,2026-04-07T18:18:15-07:00,0,11
style.css,66,css,4be83f50,Vincent Gao,2026-04-07,18:18:15,-07:00,2026-04-07T18:18:15-07:00,1,12
style.css,67,css,4be83f50,Vincent Gao,2026-04-07,18:18:15,-07:00,2026-04-07T18:18:15-07:00,1,58
style.css,68,css,894dabb0,Vincent Gao,2026-04-07,18:22:39,-07:00,2026-04-07T18:22:39-07:00,1,7
style.css,69,css,894dabb0,Vincent Gao,2026-04-07,18:22:39,-07:00,2026-04-07T18:22:39-07:00,0,0
style.css,70,css,894dabb0,Vincent Gao,2026-04-07,18:22:39,-07:00,2026-04-07T18:22:39-07:00,0,0
style.css,71,css,894dabb0,Vincent Gao,2026-04-07,18:22:39,-07:00,2026-04-07T18:22:39-07:00,0,19
style.css,72,css,41d3eadb,Vincent Gao,2026-04-07,20:09:35,-07:00,2026-04-07T20:09:35-07:00,1,12
style.css,73,css,894dabb0,Vincent Gao,2026-04-07,18:22:39,-07:00,2026-04-07T18:22:39-07:00,1,26
style.css,74,css,894dabb0,Vincent Gao,2026-04-07,18:22:39,-07:00,2026-04-07T18:22:39-07:00,1,15
style.css,75,css,894dabb0,Vincent Gao,2026-04-07,18:22:39,-07:00,2026-04-07T18:22:39-07:00,0,0
style.css,76,css,894dabb0,Vincent Gao,2026-04-07,18:22:39,-07:00,2026-04-07T18:22:39-07:00,0,0
style.css,77,css,894dabb0,Vincent Gao,2026-04-07,18:22:39,-07:00,2026-04-07T18:22:39-07:00,0,22
style.css,78,css,894dabb0,Vincent Gao,2026-04-07,18:22:39,-07:00,2026-04-07T18:22:39-07:00,1,8
style.css,79,css,dc953991,Vincent Gao,2026-04-07,20:05:27,-07:00,2026-04-07T20:05:27-07:00,0,0
style.css,80,css,dc953991,Vincent Gao,2026-04-07,20:05:27,-07:00,2026-04-07T20:05:27-07:00,0,0
style.css,81,css,dc953991,Vincent Gao,2026-04-07,20:05:27,-07:00,2026-04-07T20:05:27-07:00,0,2
style.css,82,css,dc953991,Vincent Gao,2026-04-07,20:05:27,-07:00,2026-04-07T20:05:27-07:00,1,14
style.css,83,css,dc953991,Vincent Gao,2026-04-07,20:05:27,-07:00,2026-04-07T20:05:27-07:00,0,0
style.css,84,css,dc953991,Vincent Gao,2026-04-07,20:05:27,-07:00,2026-04-07T20:05:27-07:00,0,0
style.css,85,css,dc953991,Vincent Gao,2026-04-07,20:05:27,-07:00,2026-04-07T20:05:27-07:00,0,22
style.css,86,css,dc953991,Vincent Gao,2026-04-07,20:05:27,-07:00,2026-04-07T20:05:27-07:00,1,15
style.css,87,css,dc953991,Vincent Gao,2026-04-07,20:05:27,-07:00,2026-04-07T20:05:27-07:00,1,17
style.css,88,css,41d3eadb,Vincent Gao,2026-04-07,20:09:35,-07:00,2026-04-07T20:09:35-07:00,0,0
style.css,89,css,41d3eadb,Vincent Gao,2026-04-07,20:09:35,-07:00,2026-04-07T20:09:35-07:00,0,0
style.css,90,css,41d3eadb,Vincent Gao,2026-04-07,20:09:35,-07:00,2026-04-07T20:09:35-07:00,0,4
style.css,91,css,41d3eadb,Vincent Gao,2026-04-07,20:09:35,-07:00,2026-04-07T20:09:35-07:00,0,7
style.css,92,css,41d3eadb,Vincent Gao,2026-04-07,20:09:35,-07:00,2026-04-07T20:09:35-07:00,0,6
style.css,93,css,41d3eadb,Vincent Gao,2026-04-07,20:09:35,-07:00,2026-04-07T20:09:35-07:00,1,12
style.css,94,css,f5c093ba,Vincent Gao,2026-04-08,18:17:27,-07:00,2026-04-08T18:17:27-07:00,0,0
style.css,95,css,f5c093ba,Vincent Gao,2026-04-08,18:17:27,-07:00,2026-04-08T18:17:27-07:00,0,0
style.css,96,css,6d1b8e5d,Vincent Gao,2026-04-08,18:31:36,-07:00,2026-04-08T18:31:36-07:00,0,15
style.css,97,css,95136caf,Vincent Gao,2026-04-08,18:27:59,-07:00,2026-04-08T18:27:59-07:00,1,12
style.css,98,css,95136caf,Vincent Gao,2026-04-08,18:27:59,-07:00,2026-04-08T18:27:59-07:00,1,29
style.css,99,css,95136caf,Vincent Gao,2026-04-08,18:27:59,-07:00,2026-04-08T18:27:59-07:00,1,7
style.css,100,css,95136caf,Vincent Gao,2026-04-08,18:27:59,-07:00,2026-04-08T18:27:59-07:00,1,16
style.css,101,css,8c1f671e,Vincent Gao,2026-04-08,19:10:09,-07:00,2026-04-08T19:10:09-07:00,0,0
style.css,102,css,8c1f671e,Vincent Gao,2026-04-08,19:10:09,-07:00,2026-04-08T19:10:09-07:00,1,41
style.css,103,css,8c1f671e,Vincent Gao,2026-04-08,19:10:09,-07:00,2026-04-08T19:10:09-07:00,1,18
style.css,104,css,8c1f671e,Vincent Gao,2026-04-08,19:10:09,-07:00,2026-04-08T19:10:09-07:00,1,17
style.css,105,css,95136caf,Vincent Gao,2026-04-08,18:27:59,-07:00,2026-04-08T18:27:59-07:00,0,0
style.css,106,css,95136caf,Vincent Gao,2026-04-08,18:27:59,-07:00,2026-04-08T18:27:59-07:00,0,0
style.css,107,css,6d1b8e5d,Vincent Gao,2026-04-08,18:31:36,-07:00,2026-04-08T18:31:36-07:00,0,18
style.css,108,css,95136caf,Vincent Gao,2026-04-08,18:27:59,-07:00,2026-04-08T18:27:59-07:00,1,18
style.css,109,css,95136caf,Vincent Gao,2026-04-08,18:27:59,-07:00,2026-04-08T18:27:59-07:00,1,19
style.css,110,css,95136caf,Vincent Gao,2026-04-08,18:27:59,-07:00,2026-04-08T18:27:59-07:00,0,0
style.css,111,css,95136caf,Vincent Gao,2026-04-08,18:27:59,-07:00,2026-04-08T18:27:59-07:00,0,0
style.css,112,css,6d1b8e5d,Vincent Gao,2026-04-08,18:31:36,-07:00,2026-04-08T18:31:36-07:00,0,17
style.css,113,css,95136caf,Vincent Gao,2026-04-08,18:27:59,-07:00,2026-04-08T18:27:59-07:00,1,8
style.css,114,css,8c82db32,Vincent Gao,2026-04-16,15:52:22,-07:00,2026-04-16T15:52:22-07:00,0,0
style.css,115,css,06341e9b,Vincent Gao,2026-04-08,18:55:17,-07:00,2026-04-08T18:55:17-07:00,0,0
style.css,116,css,06341e9b,Vincent Gao,2026-04-08,18:55:17,-07:00,2026-04-08T18:55:17-07:00,0,0
style.css,117,css,06341e9b,Vincent Gao,2026-04-08,18:55:17,-07:00,2026-04-08T18:55:17-07:00,0,14
style.css,118,css,06341e9b,Vincent Gao,2026-04-08,18:55:17,-07:00,2026-04-08T18:55:17-07:00,1,20
style.css,119,css,06341e9b,Vincent Gao,2026-04-08,18:55:17,-07:00,2026-04-08T18:55:17-07:00,0,0
style.css,120,css,aaa5ed04,Vincent Gao,2026-04-16,17:52:16,-07:00,2026-04-16T17:52:16-07:00,0,0
style.css,121,css,aaa5ed04,Vincent Gao,2026-04-16,17:52:16,-07:00,2026-04-16T17:52:16-07:00,0,0
style.css,122,css,aaa5ed04,Vincent Gao,2026-04-16,17:52:16,-07:00,2026-04-16T17:52:16-07:00,0,17
style.css,123,css,aaa5ed04,Vincent Gao,2026-04-16,17:52:16,-07:00,2026-04-16T17:52:16-07:00,0,0
style.css,124,css,aaa5ed04,Vincent Gao,2026-04-16,17:52:16,-07:00,2026-04-16T17:52:16-07:00,1,17
style.css,125,css,aaa5ed04,Vincent Gao,2026-04-16,17:52:16,-07:00,2026-04-16T17:52:16-07:00,1,8
style.css,126,css,aaa5ed04,Vincent Gao,2026-04-16,17:52:16,-07:00,2026-04-16T17:52:16-07:00,1,10
style.css,127,css,ddd17dcc,Vincent Gao,2026-04-27,17:03:06,-07:00,2026-04-27T17:03:06-07:00,0,0
style.css,128,css,ddd17dcc,Vincent Gao,2026-04-27,17:03:06,-07:00,2026-04-27T17:03:06-07:00,0,0
style.css,129,css,ddd17dcc,Vincent Gao,2026-04-27,17:03:06,-07:00,2026-04-27T17:03:06-07:00,0,0
style.css,130,css,ddd17dcc,Vincent Gao,2026-04-27,17:03:06,-07:00,2026-04-27T17:03:06-07:00,0,13
style.css,131,css,ddd17dcc,Vincent Gao,2026-04-27,17:03:06,-07:00,2026-04-27T17:03:06-07:00,1,10
style.css,132,css,ddd17dcc,Vincent Gao,2026-04-27,17:03:06,-07:00,2026-04-27T17:03:06-07:00,1,30
style.css,133,css,ddd17dcc,Vincent Gao,2026-04-27,17:03:06,-07:00,2026-04-27T17:03:06-07:00,1,34
style.css,134,css,ddd17dcc,Vincent Gao,2026-04-27,17:03:06,-07:00,2026-04-27T17:03:06-07:00,1,16
style.css,135,css,fbbf8b4c,Vincent Gao,2026-04-27,17:15:52,-07:00,2026-04-27T17:15:52-07:00,0,0
style.css,136,css,fbbf8b4c,Vincent Gao,2026-04-27,17:15:52,-07:00,2026-04-27T17:15:52-07:00,0,0
style.css,137,css,fbbf8b4c,Vincent Gao,2026-04-27,17:15:52,-07:00,2026-04-27T17:15:52-07:00,0,0
style.css,138,css,fbbf8b4c,Vincent Gao,2026-04-27,17:15:52,-07:00,2026-04-27T17:15:52-07:00,0,18
style.css,139,css,fbbf8b4c,Vincent Gao,2026-04-27,17:15:52,-07:00,2026-04-27T17:15:52-07:00,1,14
style.css,140,css,fbbf8b4c,Vincent Gao,2026-04-27,17:15:52,-07:00,2026-04-27T17:15:52-07:00,1,16
style.css,141,css,fbbf8b4c,Vincent Gao,2026-04-27,17:15:52,-07:00,2026-04-27T17:15:52-07:00,1,16
style.css,142,css,8d7bc9c2,Vincent Gao,2026-04-27,18:07:33,-07:00,2026-04-27T18:07:33-07:00,0,0
style.css,143,css,8d7bc9c2,Vincent Gao,2026-04-27,18:07:33,-07:00,2026-04-27T18:07:33-07:00,0,0
style.css,144,css,8d7bc9c2,Vincent Gao,2026-04-27,18:07:33,-07:00,2026-04-27T18:07:33-07:00,0,0
style.css,145,css,8d7bc9c2,Vincent Gao,2026-04-27,18:07:33,-07:00,2026-04-27T18:07:33-07:00,0,7
style.css,146,css,8d7bc9c2,Vincent Gao,2026-04-27,18:07:33,-07:00,2026-04-27T18:07:33-07:00,1,12
style.css,147,css,8d7bc9c2,Vincent Gao,2026-04-27,18:07:33,-07:00,2026-04-27T18:07:33-07:00,1,57
style.css,148,css,8d7bc9c2,Vincent Gao,2026-04-27,18:07:33,-07:00,2026-04-27T18:07:33-07:00,1,7
style.css,149,css,8d7bc9c2,Vincent Gao,2026-04-27,18:07:33,-07:00,2026-04-27T18:07:33-07:00,1,60
style.css,150,css,8d7bc9c2,Vincent Gao,2026-04-27,18:07:33,-07:00,2026-04-27T18:07:33-07:00,1,11
style.css,151,css,8d7bc9c2,Vincent Gao,2026-04-27,18:07:33,-07:00,2026-04-27T18:07:33-07:00,1,16
style.css,152,css,8d7bc9c2,Vincent Gao,2026-04-27,18:07:33,-07:00,2026-04-27T18:07:33-07:00,1,15
style.css,153,css,8d7bc9c2,Vincent Gao,2026-04-27,18:07:33,-07:00,2026-04-27T18:07:33-07:00,0,0
style.css,154,css,8d7bc9c2,Vincent Gao,2026-04-27,18:07:33,-07:00,2026-04-27T18:07:33-07:00,0,0
style.css,155,css,8d7bc9c2,Vincent Gao,2026-04-27,18:07:33,-07:00,2026-04-27T18:07:33-07:00,0,12
style.css,156,css,8d7bc9c2,Vincent Gao,2026-04-27,18:07:33,-07:00,2026-04-27T18:07:33-07:00,1,12
style.css,157,css,8d7bc9c2,Vincent Gao,2026-04-27,18:07:33,-07:00,2026-04-27T18:07:33-07:00,1,18
style.css,158,css,8d7bc9c2,Vincent Gao,2026-04-27,18:07:33,-07:00,2026-04-27T18:07:33-07:00,1,9
style.css,159,css,8d7bc9c2,Vincent Gao,2026-04-27,18:07:33,-07:00,2026-04-27T18:07:33-07:00,0,0
style.css,160,css,8d7bc9c2,Vincent Gao,2026-04-27,18:07:33,-07:00,2026-04-27T18:07:33-07:00,0,0
style.css,161,css,8d7bc9c2,Vincent Gao,2026-04-27,18:07:33,-07:00,2026-04-27T18:07:33-07:00,0,7
style.css,162,css,8d7bc9c2,Vincent Gao,2026-04-27,18:07:33,-07:00,2026-04-27T18:07:33-07:00,1,20
style.css,163,css,8d7bc9c2,Vincent Gao,2026-04-27,18:07:33,-07:00,2026-04-27T18:07:33-07:00,1,9
style.css,164,css,8d7bc9c2,Vincent Gao,2026-04-27,18:07:33,-07:00,2026-04-27T18:07:33-07:00,1,18
style.css,165,css,8d7bc9c2,Vincent Gao,2026-04-27,18:07:33,-07:00,2026-04-27T18:07:33-07:00,1,29
style.css,166,css,8d7bc9c2,Vincent Gao,2026-04-27,18:07:33,-07:00,2026-04-27T18:07:33-07:00,1,19
style.css,167,css,628a2259,Vincent Gao,2026-04-27,18:15:32,-07:00,2026-04-27T18:15:32-07:00,0,0
style.css,168,css,628a2259,Vincent Gao,2026-04-27,18:15:32,-07:00,2026-04-27T18:15:32-07:00,0,0
style.css,169,css,628a2259,Vincent Gao,2026-04-27,18:15:32,-07:00,2026-04-27T18:15:32-07:00,0,10
style.css,170,css,628a2259,Vincent Gao,2026-04-27,18:15:32,-07:00,2026-04-27T18:15:32-07:00,1,12
style.css,171,css,628a2259,Vincent Gao,2026-04-27,18:15:32,-07:00,2026-04-27T18:15:32-07:00,1,18
style.css,172,css,628a2259,Vincent Gao,2026-04-27,18:15:32,-07:00,2026-04-27T18:15:32-07:00,1,7
style.css,173,css,628a2259,Vincent Gao,2026-04-27,18:15:32,-07:00,2026-04-27T18:15:32-07:00,0,0
style.css,174,css,628a2259,Vincent Gao,2026-04-27,18:15:32,-07:00,2026-04-27T18:15:32-07:00,0,0
style.css,175,css,628a2259,Vincent Gao,2026-04-27,18:15:32,-07:00,2026-04-27T18:15:32-07:00,0,18
style.css,176,css,628a2259,Vincent Gao,2026-04-27,18:15:32,-07:00,2026-04-27T18:15:32-07:00,1,6
style.css,177,css,b2edddbd,Vincent Gao,2026-04-27,18:50:41,-07:00,2026-04-27T18:50:41-07:00,0,0
style.css,178,css,b2edddbd,Vincent Gao,2026-04-27,18:50:41,-07:00,2026-04-27T18:50:41-07:00,0,0
style.css,179,css,b2edddbd,Vincent Gao,2026-04-27,18:50:41,-07:00,2026-04-27T18:50:41-07:00,0,0
style.css,180,css,b2edddbd,Vincent Gao,2026-04-27,18:50:41,-07:00,2026-04-27T18:50:41-07:00,0,18
style.css,181,css,b2edddbd,Vincent Gao,2026-04-27,18:50:41,-07:00,2026-04-27T18:50:41-07:00,1,14
style.css,182,css,b2edddbd,Vincent Gao,2026-04-27,18:50:41,-07:00,2026-04-27T18:50:41-07:00,1,16
style.css,183,css,b2edddbd,Vincent Gao,2026-04-27,18:50:41,-07:00,2026-04-27T18:50:41-07:00,1,16
style.css,184,css,b2edddbd,Vincent Gao,2026-04-27,18:50:41,-07:00,2026-04-27T18:50:41-07:00,0,0
style.css,185,css,b2edddbd,Vincent Gao,2026-04-27,18:50:41,-07:00,2026-04-27T18:50:41-07:00,0,0
style.css,186,css,b2edddbd,Vincent Gao,2026-04-27,18:50:41,-07:00,2026-04-27T18:50:41-07:00,0,23
style.css,187,css,b2edddbd,Vincent Gao,2026-04-27,18:50:41,-07:00,2026-04-27T18:50:41-07:00,1,16
style.css,188,css,b2edddbd,Vincent Gao,2026-04-27,18:50:41,-07:00,2026-04-27T18:50:41-07:00,0,0
style.css,189,css,b2edddbd,Vincent Gao,2026-04-27,18:50:41,-07:00,2026-04-27T18:50:41-07:00,0,0
style.css,190,css,b2edddbd,Vincent Gao,2026-04-27,18:50:41,-07:00,2026-04-27T18:50:41-07:00,0,51
style.css,191,css,b2edddbd,Vincent Gao,2026-04-27,18:50:41,-07:00,2026-04-27T18:50:41-07:00,1,11
style.css,192,css,b2edddbd,Vincent Gao,2026-04-27,18:50:41,-07:00,2026-04-27T18:50:41-07:00,0,0
style.css,193,css,065b57c1,Vincent Gao,2026-04-27,18:52:14,-07:00,2026-04-27T18:52:14-07:00,0,0
style.css,194,css,065b57c1,Vincent Gao,2026-04-27,18:52:14,-07:00,2026-04-27T18:52:14-07:00,0,0
style.css,195,css,065b57c1,Vincent Gao,2026-04-27,18:52:14,-07:00,2026-04-27T18:52:14-07:00,0,9
style.css,196,css,065b57c1,Vincent Gao,2026-04-27,18:52:14,-07:00,2026-04-27T18:52:14-07:00,1,35
style.css,197,css,065b57c1,Vincent Gao,2026-04-27,18:52:14,-07:00,2026-04-27T18:52:14-07:00,0,0
style.css,198,css,065b57c1,Vincent Gao,2026-04-27,18:52:14,-07:00,2026-04-27T18:52:14-07:00,0,0
style.css,199,css,065b57c1,Vincent Gao,2026-04-27,18:52:14,-07:00,2026-04-27T18:52:14-07:00,0,18
style.css,200,css,065b57c1,Vincent Gao,2026-04-27,18:52:14,-07:00,2026-04-27T18:52:14-07:00,1,17
style.css,201,css,065b57c1,Vincent Gao,2026-04-27,18:52:14,-07:00,2026-04-27T18:52:14-07:00,0,0
index.js,1,js,da844a1b,Vincent Gao,2026-04-21,19:36:12,-07:00,2026-04-21T19:36:12-07:00,0,71
index.js,2,js,1e38046b,Vincent Gao,2026-04-21,19:11:29,-07:00,2026-04-21T19:11:29-07:00,0,0
index.js,3,js,1e38046b,Vincent Gao,2026-04-21,19:11:29,-07:00,2026-04-21T19:11:29-07:00,0,0
index.js,4,js,1e38046b,Vincent Gao,2026-04-21,19:11:29,-07:00,2026-04-21T19:11:29-07:00,0,54
index.js,5,js,1e38046b,Vincent Gao,2026-04-21,19:11:29,-07:00,2026-04-21T19:11:29-07:00,0,42
index.js,6,js,1e38046b,Vincent Gao,2026-04-21,19:11:29,-07:00,2026-04-21T19:11:29-07:00,0,0
index.js,7,js,1e38046b,Vincent Gao,2026-04-21,19:11:29,-07:00,2026-04-21T19:11:29-07:00,0,0
index.js,8,js,190710ed,Vincent Gao,2026-04-21,19:13:49,-07:00,2026-04-21T19:13:49-07:00,0,60
index.js,9,js,190710ed,Vincent Gao,2026-04-21,19:13:49,-07:00,2026-04-21T19:13:49-07:00,0,0
index.js,10,js,190710ed,Vincent Gao,2026-04-21,19:13:49,-07:00,2026-04-21T19:13:49-07:00,0,0
index.js,11,js,1312a966,Vincent Gao,2026-04-21,19:24:31,-07:00,2026-04-21T19:24:31-07:00,0,54
index.js,12,js,1312a966,Vincent Gao,2026-04-21,19:24:31,-07:00,2026-04-21T19:24:31-07:00,0,0
index.js,13,js,e946c083,Vincent Gao,2026-04-21,19:36:59,-07:00,2026-04-21T19:36:59-07:00,0,50
index.js,14,js,1312a966,Vincent Gao,2026-04-21,19:24:31,-07:00,2026-04-21T19:24:31-07:00,0,0
index.js,15,js,1312a966,Vincent Gao,2026-04-21,19:24:31,-07:00,2026-04-21T19:24:31-07:00,0,0
index.js,16,js,1312a966,Vincent Gao,2026-04-21,19:24:31,-07:00,2026-04-21T19:24:31-07:00,0,60
index.js,17,js,1312a966,Vincent Gao,2026-04-21,19:24:31,-07:00,2026-04-21T19:24:31-07:00,0,0
index.js,18,js,1312a966,Vincent Gao,2026-04-21,19:24:31,-07:00,2026-04-21T19:24:31-07:00,0,0
index.js,19,js,1312a966,Vincent Gao,2026-04-21,19:24:31,-07:00,2026-04-21T19:24:31-07:00,0,17
index.js,20,js,1312a966,Vincent Gao,2026-04-21,19:24:31,-07:00,2026-04-21T19:24:31-07:00,1,24
index.js,21,js,1312a966,Vincent Gao,2026-04-21,19:24:31,-07:00,2026-04-21T19:24:31-07:00,4,2
index.js,22,js,1312a966,Vincent Gao,2026-04-21,19:24:31,-07:00,2026-04-21T19:24:31-07:00,5,55
index.js,23,js,1312a966,Vincent Gao,2026-04-21,19:24:31,-07:00,2026-04-21T19:24:31-07:00,5,55
index.js,24,js,1312a966,Vincent Gao,2026-04-21,19:24:31,-07:00,2026-04-21T19:24:31-07:00,5,49
index.js,25,js,1312a966,Vincent Gao,2026-04-21,19:24:31,-07:00,2026-04-21T19:24:31-07:00,5,49
index.js,26,js,1d995991,Vincent Gao,2026-04-21,19:41:12,-07:00,2026-04-21T19:41:12-07:00,5,45
index.js,27,js,1312a966,Vincent Gao,2026-04-21,19:24:31,-07:00,2026-04-21T19:24:31-07:00,4,3
index.js,28,js,1312a966,Vincent Gao,2026-04-21,19:24:31,-07:00,2026-04-21T19:24:31-07:00,2,0
index.js,29,js,1312a966,Vincent Gao,2026-04-21,19:24:31,-07:00,2026-04-21T19:24:31-07:00,0,0
index.html,1,html,7cf3d572,Vincent Gao,2026-04-02,21:45:55,-07:00,2026-04-02T21:45:55-07:00,0,13
index.html,2,html,7cf3d572,Vincent Gao,2026-04-02,21:45:55,-07:00,2026-04-02T21:45:55-07:00,0,14
index.html,3,html,7cf3d572,Vincent Gao,2026-04-02,21:45:55,-07:00,2026-04-02T21:45:55-07:00,0,4
index.html,4,html,7cf3d572,Vincent Gao,2026-04-02,21:45:55,-07:00,2026-04-02T21:45:55-07:00,2,20
index.html,5,html,7cf3d572,Vincent Gao,2026-04-02,21:45:55,-07:00,2026-04-02T21:45:55-07:00,2,68
index.html,6,html,7cf3d572,Vincent Gao,2026-04-02,21:45:55,-07:00,2026-04-02T21:45:55-07:00,2,55
index.html,7,html,0ecbbbaa,Vincent Gao,2026-04-02,21:58:07,-07:00,2026-04-02T21:58:07-07:00,2,38
index.html,8,html,7cf3d572,Vincent Gao,2026-04-02,21:45:55,-07:00,2026-04-02T21:45:55-07:00,0,5
index.html,9,html,7cf3d572,Vincent Gao,2026-04-02,21:45:55,-07:00,2026-04-02T21:45:55-07:00,0,4
index.html,10,html,7cf3d572,Vincent Gao,2026-04-02,21:45:55,-07:00,2026-04-02T21:45:55-07:00,2,20
index.html,11,html,7cf3d572,Vincent Gao,2026-04-02,21:45:55,-07:00,2026-04-02T21:45:55-07:00,0,0
index.html,12,html,7cf3d572,Vincent Gao,2026-04-02,21:45:55,-07:00,2026-04-02T21:45:55-07:00,2,79
index.html,13,html,7cf3d572,Vincent Gao,2026-04-02,21:45:55,-07:00,2026-04-02T21:45:55-07:00,4,8
index.html,14,html,7cf3d572,Vincent Gao,2026-04-02,21:45:55,-07:00,2026-04-02T21:45:55-07:00,2,2
index.html,15,html,c4a6e114,Vincent Gao,2026-04-02,21:53:01,-07:00,2026-04-02T21:53:01-07:00,0,0
index.html,16,html,ddb2a25a,Vincent Gao,2026-04-21,19:16:28,-07:00,2026-04-21T19:16:28-07:00,2,22
index.html,17,html,ddb2a25a,Vincent Gao,2026-04-21,19:16:28,-07:00,2026-04-21T19:16:28-07:00,2,20
index.html,18,html,ddb2a25a,Vincent Gao,2026-04-21,19:16:28,-07:00,2026-04-21T19:16:28-07:00,2,49
index.html,19,html,ddb2a25a,Vincent Gao,2026-04-21,19:16:28,-07:00,2026-04-21T19:16:28-07:00,2,4
index.html,20,html,ddb2a25a,Vincent Gao,2026-04-21,19:16:28,-07:00,2026-04-21T19:16:28-07:00,0,0
index.html,21,html,1312a966,Vincent Gao,2026-04-21,19:24:31,-07:00,2026-04-21T19:24:31-07:00,2,19
index.html,22,html,1312a966,Vincent Gao,2026-04-21,19:24:31,-07:00,2026-04-21T19:24:31-07:00,2,28
index.html,23,html,1312a966,Vincent Gao,2026-04-21,19:24:31,-07:00,2026-04-21T19:24:31-07:00,0,0
index.html,24,html,7622be4b,Vincent Gao,2026-04-03,12:24:51,-07:00,2026-04-03T12:24:51-07:00,2,54
index.html,25,html,c4a6e114,Vincent Gao,2026-04-02,21:53:01,-07:00,2026-04-02T21:53:01-07:00,2,71
index.html,26,html,0ecbbbaa,Vincent Gao,2026-04-02,21:58:07,-07:00,2026-04-02T21:58:07-07:00,2,66
index.html,27,html,c4a6e114,Vincent Gao,2026-04-02,21:53:01,-07:00,2026-04-02T21:53:01-07:00,0,0
index.html,28,html,09de8a93,Vincent Gao,2026-04-03,14:42:05,-07:00,2026-04-03T14:42:05-07:00,2,7
index.html,29,html,09de8a93,Vincent Gao,2026-04-03,14:42:05,-07:00,2026-04-03T14:42:05-07:00,4,26
index.html,30,html,09de8a93,Vincent Gao,2026-04-03,14:42:05,-07:00,2026-04-03T14:42:05-07:00,4,68
index.html,31,html,09de8a93,Vincent Gao,2026-04-03,14:42:05,-07:00,2026-04-03T14:42:05-07:00,4,68
index.html,32,html,09de8a93,Vincent Gao,2026-04-03,14:42:05,-07:00,2026-04-03T14:42:05-07:00,2,8
index.html,33,html,09de8a93,Vincent Gao,2026-04-03,14:42:05,-07:00,2026-04-03T14:42:05-07:00,0,0
index.html,34,html,fbbf8b4c,Vincent Gao,2026-04-27,17:15:52,-07:00,2026-04-27T17:15:52-07:00,0,0
index.html,35,html,526f464b,Vincent Gao,2026-04-16,15:56:18,-07:00,2026-04-16T15:56:18-07:00,0,45
index.html,36,html,ddb2a25a,Vincent Gao,2026-04-21,19:16:28,-07:00,2026-04-21T19:16:28-07:00,0,0
index.html,37,html,ddb2a25a,Vincent Gao,2026-04-21,19:16:28,-07:00,2026-04-21T19:16:28-07:00,0,50
index.html,38,html,ddb2a25a,Vincent Gao,2026-04-21,19:16:28,-07:00,2026-04-21T19:16:28-07:00,0,0
index.html,39,html,7cf3d572,Vincent Gao,2026-04-02,21:45:55,-07:00,2026-04-02T21:45:55-07:00,0,5
index.html,40,html,c4a6e114,Vincent Gao,2026-04-02,21:53:01,-07:00,2026-04-02T21:53:01-07:00,0,0
index.html,41,html,7cf3d572,Vincent Gao,2026-04-02,21:45:55,-07:00,2026-04-02T21:45:55-07:00,0,5
global.js,1,js,8c82db32,Vincent Gao,2026-04-16,15:52:22,-07:00,2026-04-16T15:52:22-07:00,0,25
global.js,2,js,8c82db32,Vincent Gao,2026-04-16,15:52:22,-07:00,2026-04-16T15:52:22-07:00,0,0
global.js,3,js,8c82db32,Vincent Gao,2026-04-16,15:52:22,-07:00,2026-04-16T15:52:22-07:00,0,41
global.js,4,js,8c82db32,Vincent Gao,2026-04-16,15:52:22,-07:00,2026-04-16T15:52:22-07:00,1,52
global.js,5,js,b1244183,Vincent Gao,2026-04-16,16:15:00,-07:00,2026-04-16T16:15:00-07:00,0,0
global.js,6,js,b1244183,Vincent Gao,2026-04-16,16:15:00,-07:00,2026-04-16T16:15:00-07:00,0,0
global.js,7,js,b1244183,Vincent Gao,2026-04-16,16:15:00,-07:00,2026-04-16T16:15:00-07:00,0,0
global.js,8,js,80955a07,Vincent Gao,2026-04-16,16:30:15,-07:00,2026-04-16T16:30:15-07:00,0,11
global.js,9,js,80955a07,Vincent Gao,2026-04-16,16:30:15,-07:00,2026-04-16T16:30:15-07:00,1,25
global.js,10,js,80955a07,Vincent Gao,2026-04-16,16:30:15,-07:00,2026-04-16T16:30:15-07:00,1,38
global.js,11,js,a5c26668,Vincent Gao,2026-04-16,16:57:57,-07:00,2026-04-16T16:57:57-07:00,1,34
global.js,12,js,6e9821bb,Vincent Gao,2026-04-16,17:25:09,-07:00,2026-04-16T17:25:09-07:00,1,36
global.js,13,js,6e9821bb,Vincent Gao,2026-04-16,17:25:09,-07:00,2026-04-16T17:25:09-07:00,1,52
global.js,14,js,80955a07,Vincent Gao,2026-04-16,16:30:15,-07:00,2026-04-16T16:30:15-07:00,0,0
global.js,15,js,b1244183,Vincent Gao,2026-04-16,16:15:00,-07:00,2026-04-16T16:15:00-07:00,0,0
global.js,16,js,80955a07,Vincent Gao,2026-04-16,16:30:15,-07:00,2026-04-16T16:30:15-07:00,0,38
global.js,17,js,80955a07,Vincent Gao,2026-04-16,16:30:15,-07:00,2026-04-16T16:30:15-07:00,0,25
global.js,18,js,85d3f3e5,Vincent Gao,2026-04-16,16:17:22,-07:00,2026-04-16T16:17:22-07:00,0,0
global.js,19,js,a5c26668,Vincent Gao,2026-04-16,16:57:57,-07:00,2026-04-16T16:57:57-07:00,0,88
global.js,20,js,a5c26668,Vincent Gao,2026-04-16,16:57:57,-07:00,2026-04-16T16:57:57-07:00,1,3
global.js,21,js,a5c26668,Vincent Gao,2026-04-16,16:57:57,-07:00,2026-04-16T16:57:57-07:00,1,14
global.js,22,js,a5c26668,Vincent Gao,2026-04-16,16:57:57,-07:00,2026-04-16T16:57:57-07:00,0,0
global.js,23,js,80955a07,Vincent Gao,2026-04-16,16:30:15,-07:00,2026-04-16T16:30:15-07:00,0,20
global.js,24,js,80955a07,Vincent Gao,2026-04-16,16:30:15,-07:00,2026-04-16T16:30:15-07:00,1,14
global.js,25,js,80955a07,Vincent Gao,2026-04-16,16:30:15,-07:00,2026-04-16T16:30:15-07:00,1,18
global.js,26,js,80955a07,Vincent Gao,2026-04-16,16:30:15,-07:00,2026-04-16T16:30:15-07:00,0,0
global.js,27,js,a5c26668,Vincent Gao,2026-04-16,16:57:57,-07:00,2026-04-16T16:57:57-07:00,1,28
global.js,28,js,a5c26668,Vincent Gao,2026-04-16,16:57:57,-07:00,2026-04-16T16:57:57-07:00,2,20
global.js,29,js,a5c26668,Vincent Gao,2026-04-16,16:57:57,-07:00,2026-04-16T16:57:57-07:00,1,0
global.js,30,js,85d3f3e5,Vincent Gao,2026-04-16,16:17:22,-07:00,2026-04-16T16:17:22-07:00,0,0
global.js,31,js,d911cb9f,Vincent Gao,2026-04-16,17:10:13,-07:00,2026-04-16T17:10:13-07:00,0,34
global.js,32,js,50a88bdc,Vincent Gao,2026-04-16,17:13:50,-07:00,2026-04-16T17:13:50-07:00,0,0
global.js,33,js,d911cb9f,Vincent Gao,2026-04-16,17:10:13,-07:00,2026-04-16T17:10:13-07:00,0,11
global.js,34,js,d911cb9f,Vincent Gao,2026-04-16,17:10:13,-07:00,2026-04-16T17:10:13-07:00,0,20
global.js,35,js,50a88bdc,Vincent Gao,2026-04-16,17:13:50,-07:00,2026-04-16T17:13:50-07:00,0,0
global.js,36,js,50a88bdc,Vincent Gao,2026-04-16,17:13:50,-07:00,2026-04-16T17:13:50-07:00,1,65
global.js,37,js,50a88bdc,Vincent Gao,2026-04-16,17:13:50,-07:00,2026-04-16T17:13:50-07:00,2,25
global.js,38,js,50a88bdc,Vincent Gao,2026-04-16,17:13:50,-07:00,2026-04-16T17:13:50-07:00,1,0
global.js,39,js,50a88bdc,Vincent Gao,2026-04-16,17:13:50,-07:00,2026-04-16T17:13:50-07:00,0,29
global.js,40,js,50a88bdc,Vincent Gao,2026-04-16,17:13:50,-07:00,2026-04-16T17:13:50-07:00,1,18
global.js,41,js,50a88bdc,Vincent Gao,2026-04-16,17:13:50,-07:00,2026-04-16T17:13:50-07:00,0,0
global.js,42,js,50a88bdc,Vincent Gao,2026-04-16,17:13:50,-07:00,2026-04-16T17:13:50-07:00,0,0
global.js,43,js,a68f69cc,Vincent Gao,2026-04-16,17:11:23,-07:00,2026-04-16T17:11:23-07:00,0,12
global.js,44,js,a68f69cc,Vincent Gao,2026-04-16,17:11:23,-07:00,2026-04-16T17:11:23-07:00,0,0
global.js,45,js,7fd46f82,Vincent Gao,2026-04-16,17:48:45,-07:00,2026-04-16T17:48:45-07:00,0,0
global.js,46,js,7fd46f82,Vincent Gao,2026-04-16,17:48:45,-07:00,2026-04-16T17:48:45-07:00,0,0
global.js,47,js,7fd46f82,Vincent Gao,2026-04-16,17:48:45,-07:00,2026-04-16T17:48:45-07:00,0,31
global.js,48,js,7fd46f82,Vincent Gao,2026-04-16,17:48:45,-07:00,2026-04-16T17:48:45-07:00,1,11
global.js,49,js,7fd46f82,Vincent Gao,2026-04-16,17:48:45,-07:00,2026-04-16T17:48:45-07:00,1,0
global.js,50,js,7fd46f82,Vincent Gao,2026-04-16,17:48:45,-07:00,2026-04-16T17:48:45-07:00,2,26
global.js,51,js,7fd46f82,Vincent Gao,2026-04-16,17:48:45,-07:00,2026-04-16T17:48:45-07:00,3,4
global.js,52,js,7fd46f82,Vincent Gao,2026-04-16,17:48:45,-07:00,2026-04-16T17:48:45-07:00,3,6
global.js,53,js,7fd46f82,Vincent Gao,2026-04-16,17:48:45,-07:00,2026-04-16T17:48:45-07:00,4,43
global.js,54,js,7fd46f82,Vincent Gao,2026-04-16,17:48:45,-07:00,2026-04-16T17:48:45-07:00,4,34
global.js,55,js,7fd46f82,Vincent Gao,2026-04-16,17:48:45,-07:00,2026-04-16T17:48:45-07:00,4,32
global.js,56,js,7fd46f82,Vincent Gao,2026-04-16,17:48:45,-07:00,2026-04-16T17:48:45-07:00,3,7
global.js,57,js,7fd46f82,Vincent Gao,2026-04-16,17:48:45,-07:00,2026-04-16T17:48:45-07:00,2,6
global.js,58,js,7fd46f82,Vincent Gao,2026-04-16,17:48:45,-07:00,2026-04-16T17:48:45-07:00,1,0
global.js,59,js,e9e2d160,Vincent Gao,2026-04-16,17:55:37,-07:00,2026-04-16T17:55:37-07:00,0,0
global.js,60,js,e9e2d160,Vincent Gao,2026-04-16,17:55:37,-07:00,2026-04-16T17:55:37-07:00,0,0
global.js,61,js,bbd13e97,Vincent Gao,2026-04-16,18:00:46,-07:00,2026-04-16T18:00:46-07:00,0,58
global.js,62,js,bbd13e97,Vincent Gao,2026-04-16,18:00:46,-07:00,2026-04-16T18:00:46-07:00,0,0
global.js,63,js,a15f75c0,Vincent Gao,2026-04-16,18:03:11,-07:00,2026-04-16T18:03:11-07:00,0,36
global.js,64,js,a15f75c0,Vincent Gao,2026-04-16,18:03:11,-07:00,2026-04-16T18:03:11-07:00,1,70
global.js,65,js,a15f75c0,Vincent Gao,2026-04-16,18:03:11,-07:00,2026-04-16T18:03:11-07:00,1,25
global.js,66,js,a15f75c0,Vincent Gao,2026-04-16,18:03:11,-07:00,2026-04-16T18:03:11-07:00,0,0
global.js,67,js,a15f75c0,Vincent Gao,2026-04-16,18:03:11,-07:00,2026-04-16T18:03:11-07:00,0,0
global.js,68,js,e9e2d160,Vincent Gao,2026-04-16,17:55:37,-07:00,2026-04-16T17:55:37-07:00,0,49
global.js,69,js,e9e2d160,Vincent Gao,2026-04-16,17:55:37,-07:00,2026-04-16T17:55:37-07:00,1,57
global.js,70,js,a15f75c0,Vincent Gao,2026-04-16,18:03:11,-07:00,2026-04-16T18:03:11-07:00,1,33
global.js,71,js,a15f75c0,Vincent Gao,2026-04-16,18:03:11,-07:00,2026-04-16T18:03:11-07:00,1,44
global.js,72,js,a15f75c0,Vincent Gao,2026-04-16,18:03:11,-07:00,2026-04-16T18:03:11-07:00,0,1
global.js,73,js,a15f75c0,Vincent Gao,2026-04-16,18:03:11,-07:00,2026-04-16T18:03:11-07:00,0,0
global.js,74,js,a15f75c0,Vincent Gao,2026-04-16,18:03:11,-07:00,2026-04-16T18:03:11-07:00,0,34
global.js,75,js,a15f75c0,Vincent Gao,2026-04-16,18:03:11,-07:00,2026-04-16T18:03:11-07:00,1,39
global.js,76,js,484b9104,Vincent Gao,2026-04-21,17:46:19,-07:00,2026-04-21T17:46:19-07:00,0,0
global.js,77,js,484b9104,Vincent Gao,2026-04-21,17:46:19,-07:00,2026-04-21T17:46:19-07:00,0,0
global.js,78,js,484b9104,Vincent Gao,2026-04-21,17:46:19,-07:00,2026-04-21T17:46:19-07:00,0,0
global.js,79,js,484b9104,Vincent Gao,2026-04-21,17:46:19,-07:00,2026-04-21T17:46:19-07:00,0,36
global.js,80,js,484b9104,Vincent Gao,2026-04-21,17:46:19,-07:00,2026-04-21T17:46:19-07:00,1,3
global.js,81,js,484b9104,Vincent Gao,2026-04-21,17:46:19,-07:00,2026-04-21T17:46:19-07:00,2,39
global.js,82,js,484b9104,Vincent Gao,2026-04-21,17:46:19,-07:00,2026-04-21T17:46:19-07:00,2,32
global.js,83,js,484b9104,Vincent Gao,2026-04-21,17:46:19,-07:00,2026-04-21T17:46:19-07:00,2,19
global.js,84,js,484b9104,Vincent Gao,2026-04-21,17:46:19,-07:00,2026-04-21T17:46:19-07:00,2,17
global.js,85,js,484b9104,Vincent Gao,2026-04-21,17:46:19,-07:00,2026-04-21T17:46:19-07:00,3,66
global.js,86,js,484b9104,Vincent Gao,2026-04-21,17:46:19,-07:00,2026-04-21T17:46:19-07:00,2,0
global.js,87,js,e7094e90,Vincent Gao,2026-04-21,18:38:59,-07:00,2026-04-21T18:38:59-07:00,0,0
global.js,88,js,e7094e90,Vincent Gao,2026-04-21,18:38:59,-07:00,2026-04-21T18:38:59-07:00,2,33
global.js,89,js,e7094e90,Vincent Gao,2026-04-21,18:38:59,-07:00,2026-04-21T18:38:59-07:00,2,10
global.js,90,js,484b9104,Vincent Gao,2026-04-21,17:46:19,-07:00,2026-04-21T17:46:19-07:00,2,0
global.js,91,js,484b9104,Vincent Gao,2026-04-21,17:46:19,-07:00,2026-04-21T17:46:19-07:00,1,15
global.js,92,js,484b9104,Vincent Gao,2026-04-21,17:46:19,-07:00,2026-04-21T17:46:19-07:00,2,59
global.js,93,js,484b9104,Vincent Gao,2026-04-21,17:46:19,-07:00,2026-04-21T17:46:19-07:00,1,0
global.js,94,js,484b9104,Vincent Gao,2026-04-21,17:46:19,-07:00,2026-04-21T17:46:19-07:00,0,0
global.js,95,js,e7094e90,Vincent Gao,2026-04-21,18:38:59,-07:00,2026-04-21T18:38:59-07:00,0,0
global.js,96,js,e7094e90,Vincent Gao,2026-04-21,18:38:59,-07:00,2026-04-21T18:38:59-07:00,0,0
global.js,97,js,e7094e90,Vincent Gao,2026-04-21,18:38:59,-07:00,2026-04-21T18:38:59-07:00,0,0
global.js,98,js,5f008d8a,Vincent Gao,2026-04-21,18:53:59,-07:00,2026-04-21T18:53:59-07:00,0,80
global.js,99,js,e7094e90,Vincent Gao,2026-04-21,18:38:59,-07:00,2026-04-21T18:38:59-07:00,1,30
global.js,100,js,e7094e90,Vincent Gao,2026-04-21,18:38:59,-07:00,2026-04-21T18:38:59-07:00,0,0
global.js,101,js,5f008d8a,Vincent Gao,2026-04-21,18:53:59,-07:00,2026-04-21T18:53:59-07:00,1,30
global.js,102,js,e7094e90,Vincent Gao,2026-04-21,18:38:59,-07:00,2026-04-21T18:38:59-07:00,2,48
global.js,103,js,e7094e90,Vincent Gao,2026-04-21,18:38:59,-07:00,2026-04-21T18:38:59-07:00,0,0
global.js,104,js,e7094e90,Vincent Gao,2026-04-21,18:38:59,-07:00,2026-04-21T18:38:59-07:00,2,19
global.js,105,js,e7094e90,Vincent Gao,2026-04-21,18:38:59,-07:00,2026-04-21T18:38:59-07:00,3,49
global.js,106,js,e7094e90,Vincent Gao,2026-04-21,18:38:59,-07:00,2026-04-21T18:38:59-07:00,3,49
global.js,107,js,ddd17dcc,Vincent Gao,2026-04-27,17:03:06,-07:00,2026-04-27T17:03:06-07:00,3,3
global.js,108,js,ddd17dcc,Vincent Gao,2026-04-27,17:03:06,-07:00,2026-04-27T17:03:06-07:00,4,27
global.js,109,js,ddd17dcc,Vincent Gao,2026-04-27,17:03:06,-07:00,2026-04-27T17:03:06-07:00,4,41
global.js,110,js,ddd17dcc,Vincent Gao,2026-04-27,17:03:06,-07:00,2026-04-27T17:03:06-07:00,3,4
global.js,111,js,e7094e90,Vincent Gao,2026-04-21,18:38:59,-07:00,2026-04-21T18:38:59-07:00,2,0
global.js,112,js,e7094e90,Vincent Gao,2026-04-21,18:38:59,-07:00,2026-04-21T18:38:59-07:00,0,0
global.js,113,js,e7094e90,Vincent Gao,2026-04-21,18:38:59,-07:00,2026-04-21T18:38:59-07:00,2,36
global.js,114,js,e7094e90,Vincent Gao,2026-04-21,18:38:59,-07:00,2026-04-21T18:38:59-07:00,1,0
global.js,115,js,1312a966,Vincent Gao,2026-04-21,19:24:31,-07:00,2026-04-21T19:24:31-07:00,0,0
global.js,116,js,fc9b94ff,Vincent Gao,2026-04-27,17:12:03,-07:00,2026-04-27T17:12:03-07:00,0,0
global.js,117,js,fc9b94ff,Vincent Gao,2026-04-27,17:12:03,-07:00,2026-04-27T17:12:03-07:00,0,0
global.js,118,js,fc9b94ff,Vincent Gao,2026-04-27,17:12:03,-07:00,2026-04-27T17:12:03-07:00,0,47
global.js,119,js,fc9b94ff,Vincent Gao,2026-04-27,17:12:03,-07:00,2026-04-27T17:12:03-07:00,1,59
global.js,120,js,fc9b94ff,Vincent Gao,2026-04-27,17:12:03,-07:00,2026-04-27T17:12:03-07:00,0,0
global.js,121,js,fc9b94ff,Vincent Gao,2026-04-27,17:12:03,-07:00,2026-04-27T17:12:03-07:00,0,0
resume/index.html,1,html,1fcffdd0,Vincent Gao,2026-04-03,14:13:55,-07:00,2026-04-03T14:13:55-07:00,0,13
resume/index.html,2,html,1fcffdd0,Vincent Gao,2026-04-03,14:13:55,-07:00,2026-04-03T14:13:55-07:00,0,14
resume/index.html,3,html,1fcffdd0,Vincent Gao,2026-04-03,14:13:55,-07:00,2026-04-03T14:13:55-07:00,0,4
resume/index.html,4,html,1fcffdd0,Vincent Gao,2026-04-03,14:13:55,-07:00,2026-04-03T14:13:55-07:00,2,20
resume/index.html,5,html,1fcffdd0,Vincent Gao,2026-04-03,14:13:55,-07:00,2026-04-03T14:13:55-07:00,2,68
resume/index.html,6,html,1fcffdd0,Vincent Gao,2026-04-03,14:13:55,-07:00,2026-04-03T14:13:55-07:00,2,21
resume/index.html,7,html,1fcffdd0,Vincent Gao,2026-04-03,14:13:55,-07:00,2026-04-03T14:13:55-07:00,2,41
resume/index.html,8,html,1fcffdd0,Vincent Gao,2026-04-03,14:13:55,-07:00,2026-04-03T14:13:55-07:00,0,5
resume/index.html,9,html,f5c093ba,Vincent Gao,2026-04-08,18:17:27,-07:00,2026-04-08T18:17:27-07:00,0,25
resume/index.html,10,html,08fa9813,Vincent Gao,2026-04-03,14:22:58,-07:00,2026-04-03T14:22:58-07:00,2,15
resume/index.html,11,html,1fcffdd0,Vincent Gao,2026-04-03,14:13:55,-07:00,2026-04-03T14:13:55-07:00,0,0
resume/index.html,12,html,95136caf,Vincent Gao,2026-04-08,18:27:59,-07:00,2026-04-08T18:27:59-07:00,0,25
resume/index.html,13,html,3f99902d,Vincent Gao,2026-04-08,18:42:00,-07:00,2026-04-08T18:42:00-07:00,2,41
resume/index.html,14,html,f6123e94,Vincent Gao,2026-04-03,14:19:48,-07:00,2026-04-03T14:19:48-07:00,2,24
resume/index.html,15,html,f6123e94,Vincent Gao,2026-04-03,14:19:48,-07:00,2026-04-03T14:19:48-07:00,2,30
resume/index.html,16,html,f6123e94,Vincent Gao,2026-04-03,14:19:48,-07:00,2026-04-03T14:19:48-07:00,2,46
resume/index.html,17,html,f6123e94,Vincent Gao,2026-04-03,14:19:48,-07:00,2026-04-03T14:19:48-07:00,2,16
resume/index.html,18,html,87ed3480,Vincent Gao,2026-04-08,18:52:03,-07:00,2026-04-08T18:52:03-07:00,2,14
resume/index.html,19,html,314fb389,Vincent Gao,2026-04-08,18:53:08,-07:00,2026-04-08T18:53:08-07:00,2,75
resume/index.html,20,html,87ed3480,Vincent Gao,2026-04-08,18:52:03,-07:00,2026-04-08T18:52:03-07:00,2,80
resume/index.html,21,html,87ed3480,Vincent Gao,2026-04-08,18:52:03,-07:00,2026-04-08T18:52:03-07:00,2,2
resume/index.html,22,html,08fa9813,Vincent Gao,2026-04-03,14:22:58,-07:00,2026-04-03T14:22:58-07:00,2,45
resume/index.html,23,html,f6123e94,Vincent Gao,2026-04-03,14:19:48,-07:00,2026-04-03T14:19:48-07:00,0,8
resume/index.html,24,html,f6123e94,Vincent Gao,2026-04-03,14:19:48,-07:00,2026-04-03T14:19:48-07:00,0,0
resume/index.html,25,html,1fcffdd0,Vincent Gao,2026-04-03,14:13:55,-07:00,2026-04-03T14:13:55-07:00,0,7
resume/index.html,26,html,1fcffdd0,Vincent Gao,2026-04-03,14:13:55,-07:00,2026-04-03T14:13:55-07:00,0,0
resume/index.html,27,html,1fcffdd0,Vincent Gao,2026-04-03,14:13:55,-07:00,2026-04-03T14:13:55-07:00,2,19
resume/index.html,28,html,1fcffdd0,Vincent Gao,2026-04-03,14:13:55,-07:00,2026-04-03T14:13:55-07:00,0,0
resume/index.html,29,html,1fcffdd0,Vincent Gao,2026-04-03,14:13:55,-07:00,2026-04-03T14:13:55-07:00,2,7
resume/index.html,30,html,1fcffdd0,Vincent Gao,2026-04-03,14:13:55,-07:00,2026-04-03T14:13:55-07:00,4,37
resume/index.html,31,html,1fcffdd0,Vincent Gao,2026-04-03,14:13:55,-07:00,2026-04-03T14:13:55-07:00,4,74
resume/index.html,32,html,1fcffdd0,Vincent Gao,2026-04-03,14:13:55,-07:00,2026-04-03T14:13:55-07:00,4,58
resume/index.html,33,html,1fcffdd0,Vincent Gao,2026-04-03,14:13:55,-07:00,2026-04-03T14:13:55-07:00,4,71
resume/index.html,34,html,1fcffdd0,Vincent Gao,2026-04-03,14:13:55,-07:00,2026-04-03T14:13:55-07:00,5,70
resume/index.html,35,html,1fcffdd0,Vincent Gao,2026-04-03,14:13:55,-07:00,2026-04-03T14:13:55-07:00,5,35
resume/index.html,36,html,1fcffdd0,Vincent Gao,2026-04-03,14:13:55,-07:00,2026-04-03T14:13:55-07:00,4,2
resume/index.html,37,html,1fcffdd0,Vincent Gao,2026-04-03,14:13:55,-07:00,2026-04-03T14:13:55-07:00,2,8
resume/index.html,38,html,1fcffdd0,Vincent Gao,2026-04-03,14:13:55,-07:00,2026-04-03T14:13:55-07:00,0,0
resume/index.html,39,html,1fcffdd0,Vincent Gao,2026-04-03,14:13:55,-07:00,2026-04-03T14:13:55-07:00,2,7
resume/index.html,40,html,3f99902d,Vincent Gao,2026-04-08,18:42:00,-07:00,2026-04-08T18:42:00-07:00,4,28
resume/index.html,41,html,1fcffdd0,Vincent Gao,2026-04-03,14:13:55,-07:00,2026-04-03T14:13:55-07:00,4,67
resume/index.html,42,html,1fcffdd0,Vincent Gao,2026-04-03,14:13:55,-07:00,2026-04-03T14:13:55-07:00,6,66
resume/index.html,43,html,1fcffdd0,Vincent Gao,2026-04-03,14:13:55,-07:00,2026-04-03T14:13:55-07:00,6,66
resume/index.html,44,html,1fcffdd0,Vincent Gao,2026-04-03,14:13:55,-07:00,2026-04-03T14:13:55-07:00,6,66
resume/index.html,45,html,1fcffdd0,Vincent Gao,2026-04-03,14:13:55,-07:00,2026-04-03T14:13:55-07:00,6,8
resume/index.html,46,html,1fcffdd0,Vincent Gao,2026-04-03,14:13:55,-07:00,2026-04-03T14:13:55-07:00,4,2
resume/index.html,47,html,1fcffdd0,Vincent Gao,2026-04-03,14:13:55,-07:00,2026-04-03T14:13:55-07:00,2,8
resume/index.html,48,html,1fcffdd0,Vincent Gao,2026-04-03,14:13:55,-07:00,2026-04-03T14:13:55-07:00,0,0
resume/index.html,49,html,f6123e94,Vincent Gao,2026-04-03,14:19:48,-07:00,2026-04-03T14:19:48-07:00,0,8
resume/index.html,50,html,95136caf,Vincent Gao,2026-04-08,18:27:59,-07:00,2026-04-08T18:27:59-07:00,0,0
resume/index.html,51,html,95136caf,Vincent Gao,2026-04-08,18:27:59,-07:00,2026-04-08T18:27:59-07:00,0,0
resume/index.html,52,html,3f99902d,Vincent Gao,2026-04-08,18:42:00,-07:00,2026-04-08T18:42:00-07:00,2,25
resume/index.html,53,html,f6123e94,Vincent Gao,2026-04-03,14:19:48,-07:00,2026-04-03T14:19:48-07:00,2,117
resume/index.html,54,html,f6123e94,Vincent Gao,2026-04-03,14:19:48,-07:00,2026-04-03T14:19:48-07:00,4,112
resume/index.html,55,html,f6123e94,Vincent Gao,2026-04-03,14:19:48,-07:00,2026-04-03T14:19:48-07:00,5,76
resume/index.html,56,html,f6123e94,Vincent Gao,2026-04-03,14:19:48,-07:00,2026-04-03T14:19:48-07:00,2,2
resume/index.html,57,html,1fcffdd0,Vincent Gao,2026-04-03,14:13:55,-07:00,2026-04-03T14:13:55-07:00,0,0
resume/index.html,58,html,6d1b8e5d,Vincent Gao,2026-04-08,18:31:36,-07:00,2026-04-08T18:31:36-07:00,0,7
resume/index.html,59,html,3f81194f,Vincent Gao,2026-04-08,18:35:37,-07:00,2026-04-08T18:35:37-07:00,2,45
resume/index.html,60,html,3f81194f,Vincent Gao,2026-04-08,18:35:37,-07:00,2026-04-08T18:35:37-07:00,2,74
resume/index.html,61,html,6d1b8e5d,Vincent Gao,2026-04-08,18:31:36,-07:00,2026-04-08T18:31:36-07:00,2,47
resume/index.html,62,html,6d1b8e5d,Vincent Gao,2026-04-08,18:31:36,-07:00,2026-04-08T18:31:36-07:00,2,73
resume/index.html,63,html,6d1b8e5d,Vincent Gao,2026-04-08,18:31:36,-07:00,2026-04-08T18:31:36-07:00,0,8
resume/index.html,64,html,6d1b8e5d,Vincent Gao,2026-04-08,18:31:36,-07:00,2026-04-08T18:31:36-07:00,0,0
resume/index.html,65,html,eecbae07,Vincent Gao,2026-04-16,17:07:34,-07:00,2026-04-16T17:07:34-07:00,0,48
resume/index.html,66,html,6d1b8e5d,Vincent Gao,2026-04-08,18:31:36,-07:00,2026-04-08T18:31:36-07:00,0,0
resume/index.html,67,html,1fcffdd0,Vincent Gao,2026-04-03,14:13:55,-07:00,2026-04-03T14:13:55-07:00,0,5
resume/index.html,68,html,1fcffdd0,Vincent Gao,2026-04-03,14:13:55,-07:00,2026-04-03T14:13:55-07:00,0,0
resume/index.html,69,html,1fcffdd0,Vincent Gao,2026-04-03,14:13:55,-07:00,2026-04-03T14:13:55-07:00,0,5
projects/projects.js,1,js,e7094e90,Vincent Gao,2026-04-21,18:38:59,-07:00,2026-04-21T18:38:59-07:00,0,55
projects/projects.js,2,js,065b57c1,Vincent Gao,2026-04-27,18:52:14,-07:00,2026-04-27T18:52:14-07:00,0,63
projects/projects.js,3,js,e7094e90,Vincent Gao,2026-04-21,18:38:59,-07:00,2026-04-21T18:38:59-07:00,0,0
projects/projects.js,4,js,e7094e90,Vincent Gao,2026-04-21,18:38:59,-07:00,2026-04-21T18:38:59-07:00,0,55
projects/projects.js,5,js,e7094e90,Vincent Gao,2026-04-21,18:38:59,-07:00,2026-04-21T18:38:59-07:00,0,0
projects/projects.js,6,js,e7094e90,Vincent Gao,2026-04-21,18:38:59,-07:00,2026-04-21T18:38:59-07:00,0,60
projects/projects.js,7,js,e7094e90,Vincent Gao,2026-04-21,18:38:59,-07:00,2026-04-21T18:38:59-07:00,0,0
projects/projects.js,8,js,99d5d029,Vincent Gao,2026-04-21,18:59:44,-07:00,2026-04-21T18:59:44-07:00,0,57
projects/projects.js,9,js,aa1ec859,Vincent Gao,2026-04-27,18:42:43,-07:00,2026-04-27T18:42:43-07:00,0,56
projects/projects.js,10,js,a662b977,Vincent Gao,2026-04-27,17:24:30,-07:00,2026-04-27T17:24:30-07:00,0,0
projects/projects.js,11,js,78e09e54,Vincent Gao,2026-04-27,17:47:38,-07:00,2026-04-27T17:47:38-07:00,0,25
projects/projects.js,12,js,78e09e54,Vincent Gao,2026-04-27,17:47:38,-07:00,2026-04-27T17:47:38-07:00,1,13
projects/projects.js,13,js,78e09e54,Vincent Gao,2026-04-27,17:47:38,-07:00,2026-04-27T17:47:38-07:00,1,15
projects/projects.js,14,js,1b1ffb36,Vincent Gao,2026-04-27,17:32:39,-07:00,2026-04-27T17:32:39-07:00,0,0
projects/projects.js,15,js,aa1ec859,Vincent Gao,2026-04-27,18:42:43,-07:00,2026-04-27T18:42:43-07:00,0,47
projects/projects.js,16,js,1b1ffb36,Vincent Gao,2026-04-27,17:32:39,-07:00,2026-04-27T17:32:39-07:00,0,0
projects/projects.js,17,js,065b57c1,Vincent Gao,2026-04-27,18:52:14,-07:00,2026-04-27T18:52:14-07:00,0,21
projects/projects.js,18,js,065b57c1,Vincent Gao,2026-04-27,18:52:14,-07:00,2026-04-27T18:52:14-07:00,0,0
projects/projects.js,19,js,aa1ec859,Vincent Gao,2026-04-27,18:42:43,-07:00,2026-04-27T18:42:43-07:00,0,38
projects/projects.js,20,js,aa1ec859,Vincent Gao,2026-04-27,18:42:43,-07:00,2026-04-27T18:42:43-07:00,1,26
projects/projects.js,21,js,aa1ec859,Vincent Gao,2026-04-27,18:42:43,-07:00,2026-04-27T18:42:43-07:00,2,12
projects/projects.js,22,js,aa1ec859,Vincent Gao,2026-04-27,18:42:43,-07:00,2026-04-27T18:42:43-07:00,2,14
projects/projects.js,23,js,aa1ec859,Vincent Gao,2026-04-27,18:42:43,-07:00,2026-04-27T18:42:43-07:00,2,11
projects/projects.js,24,js,aa1ec859,Vincent Gao,2026-04-27,18:42:43,-07:00,2026-04-27T18:42:43-07:00,1,0
projects/projects.js,25,js,cf0c48cd,Vincent Gao,2026-04-27,18:18:31,-07:00,2026-04-27T18:18:31-07:00,0,0
projects/projects.js,26,js,aa1ec859,Vincent Gao,2026-04-27,18:42:43,-07:00,2026-04-27T18:42:43-07:00,1,44
projects/projects.js,27,js,aa1ec859,Vincent Gao,2026-04-27,18:42:43,-07:00,2026-04-27T18:42:43-07:00,2,35
projects/projects.js,28,js,aa1ec859,Vincent Gao,2026-04-27,18:42:43,-07:00,2026-04-27T18:42:43-07:00,1,1
projects/projects.js,29,js,1b1ffb36,Vincent Gao,2026-04-27,17:32:39,-07:00,2026-04-27T17:32:39-07:00,0,0
projects/projects.js,30,js,aa1ec859,Vincent Gao,2026-04-27,18:42:43,-07:00,2026-04-27T18:42:43-07:00,1,50
projects/projects.js,31,js,aa1ec859,Vincent Gao,2026-04-27,18:42:43,-07:00,2026-04-27T18:42:43-07:00,1,33
projects/projects.js,32,js,aa1ec859,Vincent Gao,2026-04-27,18:42:43,-07:00,2026-04-27T18:42:43-07:00,1,45
projects/projects.js,33,js,1b1ffb36,Vincent Gao,2026-04-27,17:32:39,-07:00,2026-04-27T17:32:39-07:00,0,0
projects/projects.js,34,js,aa1ec859,Vincent Gao,2026-04-27,18:42:43,-07:00,2026-04-27T18:42:43-07:00,1,40
projects/projects.js,35,js,aa1ec859,Vincent Gao,2026-04-27,18:42:43,-07:00,2026-04-27T18:42:43-07:00,1,29
projects/projects.js,36,js,1b1ffb36,Vincent Gao,2026-04-27,17:32:39,-07:00,2026-04-27T17:32:39-07:00,0,0
projects/projects.js,37,js,aa1ec859,Vincent Gao,2026-04-27,18:42:43,-07:00,2026-04-27T18:42:43-07:00,1,32
projects/projects.js,38,js,aa1ec859,Vincent Gao,2026-04-27,18:42:43,-07:00,2026-04-27T18:42:43-07:00,1,30
projects/projects.js,39,js,1b1ffb36,Vincent Gao,2026-04-27,17:32:39,-07:00,2026-04-27T17:32:39-07:00,0,0
projects/projects.js,40,js,aa1ec859,Vincent Gao,2026-04-27,18:42:43,-07:00,2026-04-27T18:42:43-07:00,1,26
projects/projects.js,41,js,aa1ec859,Vincent Gao,2026-04-27,18:42:43,-07:00,2026-04-27T18:42:43-07:00,2,1
projects/projects.js,42,js,aa1ec859,Vincent Gao,2026-04-27,18:42:43,-07:00,2026-04-27T18:42:43-07:00,3,13
projects/projects.js,43,js,aa1ec859,Vincent Gao,2026-04-27,18:42:43,-07:00,2026-04-27T18:42:43-07:00,3,13
projects/projects.js,44,js,065b57c1,Vincent Gao,2026-04-27,18:52:14,-07:00,2026-04-27T18:52:14-07:00,3,24
projects/projects.js,45,js,065b57c1,Vincent Gao,2026-04-27,18:52:14,-07:00,2026-04-27T18:52:14-07:00,3,53
projects/projects.js,46,js,065b57c1,Vincent Gao,2026-04-27,18:52:14,-07:00,2026-04-27T18:52:14-07:00,3,18
projects/projects.js,47,js,065b57c1,Vincent Gao,2026-04-27,18:52:14,-07:00,2026-04-27T18:52:14-07:00,4,47
projects/projects.js,48,js,065b57c1,Vincent Gao,2026-04-27,18:52:14,-07:00,2026-04-27T18:52:14-07:00,0,0
projects/projects.js,49,js,065b57c1,Vincent Gao,2026-04-27,18:52:14,-07:00,2026-04-27T18:52:14-07:00,4,1
projects/projects.js,50,js,065b57c1,Vincent Gao,2026-04-27,18:52:14,-07:00,2026-04-27T18:52:14-07:00,5,16
projects/projects.js,51,js,065b57c1,Vincent Gao,2026-04-27,18:52:14,-07:00,2026-04-27T18:52:14-07:00,5,28
projects/projects.js,52,js,065b57c1,Vincent Gao,2026-04-27,18:52:14,-07:00,2026-04-27T18:52:14-07:00,6,41
projects/projects.js,53,js,065b57c1,Vincent Gao,2026-04-27,18:52:14,-07:00,2026-04-27T18:52:14-07:00,5,0
projects/projects.js,54,js,065b57c1,Vincent Gao,2026-04-27,18:52:14,-07:00,2026-04-27T18:52:14-07:00,0,0
projects/projects.js,55,js,065b57c1,Vincent Gao,2026-04-27,18:52:14,-07:00,2026-04-27T18:52:14-07:00,4,4
projects/projects.js,56,js,065b57c1,Vincent Gao,2026-04-27,18:52:14,-07:00,2026-04-27T18:52:14-07:00,5,14
projects/projects.js,57,js,065b57c1,Vincent Gao,2026-04-27,18:52:14,-07:00,2026-04-27T18:52:14-07:00,5,30
projects/projects.js,58,js,065b57c1,Vincent Gao,2026-04-27,18:52:14,-07:00,2026-04-27T18:52:14-07:00,6,66
projects/projects.js,59,js,065b57c1,Vincent Gao,2026-04-27,18:52:14,-07:00,2026-04-27T18:52:14-07:00,5,0
projects/projects.js,60,js,49802ae9,Vincent Gao,2026-04-27,18:57:28,-07:00,2026-04-27T18:57:28-07:00,0,0
projects/projects.js,61,js,49802ae9,Vincent Gao,2026-04-27,18:57:28,-07:00,2026-04-27T18:57:28-07:00,4,25
projects/projects.js,62,js,49802ae9,Vincent Gao,2026-04-27,18:57:28,-07:00,2026-04-27T18:57:28-07:00,5,48
projects/projects.js,63,js,49802ae9,Vincent Gao,2026-04-27,18:57:28,-07:00,2026-04-27T18:57:28-07:00,4,6
projects/projects.js,64,js,49802ae9,Vincent Gao,2026-04-27,18:57:28,-07:00,2026-04-27T18:57:28-07:00,5,43
projects/projects.js,65,js,49802ae9,Vincent Gao,2026-04-27,18:57:28,-07:00,2026-04-27T18:57:28-07:00,0,0
projects/projects.js,66,js,49802ae9,Vincent Gao,2026-04-27,18:57:28,-07:00,2026-04-27T18:57:28-07:00,5,49
projects/projects.js,67,js,49802ae9,Vincent Gao,2026-04-27,18:57:28,-07:00,2026-04-27T18:57:28-07:00,6,27
projects/projects.js,68,js,49802ae9,Vincent Gao,2026-04-27,18:57:28,-07:00,2026-04-27T18:57:28-07:00,5,0
projects/projects.js,69,js,49802ae9,Vincent Gao,2026-04-27,18:57:28,-07:00,2026-04-27T18:57:28-07:00,0,0
projects/projects.js,70,js,49802ae9,Vincent Gao,2026-04-27,18:57:28,-07:00,2026-04-27T18:57:28-07:00,5,56
projects/projects.js,71,js,49802ae9,Vincent Gao,2026-04-27,18:57:28,-07:00,2026-04-27T18:57:28-07:00,4,0
projects/projects.js,72,js,065b57c1,Vincent Gao,2026-04-27,18:52:14,-07:00,2026-04-27T18:52:14-07:00,3,1
projects/projects.js,73,js,aa1ec859,Vincent Gao,2026-04-27,18:42:43,-07:00,2026-04-27T18:42:43-07:00,1,1
projects/projects.js,74,js,d2261438,Vincent Gao,2026-04-27,17:51:15,-07:00,2026-04-27T17:51:15-07:00,0,0
projects/projects.js,75,js,aa1ec859,Vincent Gao,2026-04-27,18:42:43,-07:00,2026-04-27T18:42:43-07:00,1,24
projects/projects.js,76,js,aa1ec859,Vincent Gao,2026-04-27,18:42:43,-07:00,2026-04-27T18:42:43-07:00,2,4
projects/projects.js,77,js,aa1ec859,Vincent Gao,2026-04-27,18:42:43,-07:00,2026-04-27T18:42:43-07:00,3,11
projects/projects.js,78,js,aa1ec859,Vincent Gao,2026-04-27,18:42:43,-07:00,2026-04-27T18:42:43-07:00,3,38
projects/projects.js,79,js,065b57c1,Vincent Gao,2026-04-27,18:52:14,-07:00,2026-04-27T18:52:14-07:00,3,76
projects/projects.js,80,js,aa1ec859,Vincent Gao,2026-04-27,18:42:43,-07:00,2026-04-27T18:42:43-07:00,3,69
projects/projects.js,81,js,aa1ec859,Vincent Gao,2026-04-27,18:42:43,-07:00,2026-04-27T18:42:43-07:00,1,1
projects/projects.js,82,js,aa1ec859,Vincent Gao,2026-04-27,18:42:43,-07:00,2026-04-27T18:42:43-07:00,0,0
projects/projects.js,83,js,1b1ffb36,Vincent Gao,2026-04-27,17:32:39,-07:00,2026-04-27T17:32:39-07:00,0,0
projects/projects.js,84,js,aa1ec859,Vincent Gao,2026-04-27,18:42:43,-07:00,2026-04-27T18:42:43-07:00,0,48
projects/projects.js,85,js,aa1ec859,Vincent Gao,2026-04-27,18:42:43,-07:00,2026-04-27T18:42:43-07:00,0,23
projects/projects.js,86,js,d2261438,Vincent Gao,2026-04-27,17:51:15,-07:00,2026-04-27T17:51:15-07:00,0,0
projects/projects.js,87,js,aa1ec859,Vincent Gao,2026-04-27,18:42:43,-07:00,2026-04-27T18:42:43-07:00,0,13
projects/projects.js,88,js,acf289a6,Vincent Gao,2026-04-27,18:04:20,-07:00,2026-04-27T18:04:20-07:00,0,0
projects/projects.js,89,js,aa1ec859,Vincent Gao,2026-04-27,18:42:43,-07:00,2026-04-27T18:42:43-07:00,0,53
projects/projects.js,90,js,acf289a6,Vincent Gao,2026-04-27,18:04:20,-07:00,2026-04-27T18:04:20-07:00,0,0
projects/projects.js,91,js,aa1ec859,Vincent Gao,2026-04-27,18:42:43,-07:00,2026-04-27T18:42:43-07:00,0,48
projects/projects.js,92,js,aa1ec859,Vincent Gao,2026-04-27,18:42:43,-07:00,2026-04-27T18:42:43-07:00,1,25
projects/projects.js,93,js,72ea8377,Vincent Gao,2026-04-27,18:36:26,-07:00,2026-04-27T18:36:26-07:00,0,0
projects/projects.js,94,js,aa1ec859,Vincent Gao,2026-04-27,18:42:43,-07:00,2026-04-27T18:42:43-07:00,1,51
projects/projects.js,95,js,aa1ec859,Vincent Gao,2026-04-27,18:42:43,-07:00,2026-04-27T18:42:43-07:00,2,59
projects/projects.js,96,js,aa1ec859,Vincent Gao,2026-04-27,18:42:43,-07:00,2026-04-27T18:42:43-07:00,2,42
projects/projects.js,97,js,aa1ec859,Vincent Gao,2026-04-27,18:42:43,-07:00,2026-04-27T18:42:43-07:00,1,1
projects/projects.js,98,js,aa1ec859,Vincent Gao,2026-04-27,18:42:43,-07:00,2026-04-27T18:42:43-07:00,0,0
projects/projects.js,99,js,aa1ec859,Vincent Gao,2026-04-27,18:42:43,-07:00,2026-04-27T18:42:43-07:00,1,56
projects/projects.js,100,js,aa1ec859,Vincent Gao,2026-04-27,18:42:43,-07:00,2026-04-27T18:42:43-07:00,1,31
projects/projects.js,101,js,aa1ec859,Vincent Gao,2026-04-27,18:42:43,-07:00,2026-04-27T18:42:43-07:00,0,1
projects/index.html,1,html,21ba8449,Vincent Gao,2026-04-02,22:03:52,-07:00,2026-04-02T22:03:52-07:00,0,13
projects/index.html,2,html,21ba8449,Vincent Gao,2026-04-02,22:03:52,-07:00,2026-04-02T22:03:52-07:00,0,14
projects/index.html,3,html,21ba8449,Vincent Gao,2026-04-02,22:03:52,-07:00,2026-04-02T22:03:52-07:00,0,4
projects/index.html,4,html,21ba8449,Vincent Gao,2026-04-02,22:03:52,-07:00,2026-04-02T22:03:52-07:00,2,20
projects/index.html,5,html,21ba8449,Vincent Gao,2026-04-02,22:03:52,-07:00,2026-04-02T22:03:52-07:00,2,68
projects/index.html,6,html,1e38046b,Vincent Gao,2026-04-21,19:11:29,-07:00,2026-04-21T19:11:29-07:00,2,21
projects/index.html,7,html,3fc5f230,Vincent Gao,2026-04-03,12:50:31,-07:00,2026-04-03T12:50:31-07:00,2,41
projects/index.html,8,html,21ba8449,Vincent Gao,2026-04-02,22:03:52,-07:00,2026-04-02T22:03:52-07:00,0,5
projects/index.html,9,html,21ba8449,Vincent Gao,2026-04-02,22:03:52,-07:00,2026-04-02T22:03:52-07:00,0,4
projects/index.html,10,html,1e38046b,Vincent Gao,2026-04-21,19:11:29,-07:00,2026-04-21T19:11:29-07:00,2,30
projects/index.html,11,html,72ea8377,Vincent Gao,2026-04-27,18:36:26,-07:00,2026-04-27T18:36:26-07:00,0,0
projects/index.html,12,html,2f050a6c,Vincent Gao,2026-04-27,18:09:12,-07:00,2026-04-27T18:09:12-07:00,2,21
projects/index.html,13,html,839e0fce,Vincent Gao,2026-04-27,18:47:33,-07:00,2026-04-27T18:47:33-07:00,4,58
projects/index.html,14,html,2f050a6c,Vincent Gao,2026-04-27,18:09:12,-07:00,2026-04-27T18:09:12-07:00,4,22
projects/index.html,15,html,2f050a6c,Vincent Gao,2026-04-27,18:09:12,-07:00,2026-04-27T18:09:12-07:00,2,4
projects/index.html,16,html,505be7c7,Vincent Gao,2026-04-27,17:56:04,-07:00,2026-04-27T17:56:04-07:00,0,0
projects/index.html,17,html,72ea8377,Vincent Gao,2026-04-27,18:36:26,-07:00,2026-04-27T18:36:26-07:00,2,4
projects/index.html,18,html,72ea8377,Vincent Gao,2026-04-27,18:36:26,-07:00,2026-04-27T18:36:26-07:00,2,15
projects/index.html,19,html,72ea8377,Vincent Gao,2026-04-27,18:36:26,-07:00,2026-04-27T18:36:26-07:00,2,11
projects/index.html,20,html,72ea8377,Vincent Gao,2026-04-27,18:36:26,-07:00,2026-04-27T18:36:26-07:00,2,26
projects/index.html,21,html,72ea8377,Vincent Gao,2026-04-27,18:36:26,-07:00,2026-04-27T18:36:26-07:00,2,31
projects/index.html,22,html,72ea8377,Vincent Gao,2026-04-27,18:36:26,-07:00,2026-04-27T18:36:26-07:00,2,0
projects/index.html,23,html,505be7c7,Vincent Gao,2026-04-27,17:56:04,-07:00,2026-04-27T17:56:04-07:00,0,0
projects/index.html,24,html,a2a4531a,Vincent Gao,2026-04-07,18:08:38,-07:00,2026-04-07T18:08:38-07:00,2,20
projects/index.html,25,html,e7094e90,Vincent Gao,2026-04-21,18:38:59,-07:00,2026-04-21T18:38:59-07:00,4,12
projects/index.html,26,html,a2a4531a,Vincent Gao,2026-04-07,18:08:38,-07:00,2026-04-07T18:08:38-07:00,6,29
projects/index.html,27,html,a2a4531a,Vincent Gao,2026-04-07,18:08:38,-07:00,2026-04-07T18:08:38-07:00,6,70
projects/index.html,28,html,a2a4531a,Vincent Gao,2026-04-07,18:08:38,-07:00,2026-04-07T18:08:38-07:00,6,214
projects/index.html,29,html,a2a4531a,Vincent Gao,2026-04-07,18:08:38,-07:00,2026-04-07T18:08:38-07:00,4,8
projects/index.html,30,html,a2a4531a,Vincent Gao,2026-04-07,18:08:38,-07:00,2026-04-07T18:08:38-07:00,4,7
projects/index.html,31,html,a2a4531a,Vincent Gao,2026-04-07,18:08:38,-07:00,2026-04-07T18:08:38-07:00,6,39
projects/index.html,32,html,a2a4531a,Vincent Gao,2026-04-07,18:08:38,-07:00,2026-04-07T18:08:38-07:00,6,70
projects/index.html,33,html,a2a4531a,Vincent Gao,2026-04-07,18:08:38,-07:00,2026-04-07T18:08:38-07:00,6,240
projects/index.html,34,html,a2a4531a,Vincent Gao,2026-04-07,18:08:38,-07:00,2026-04-07T18:08:38-07:00,4,8
projects/index.html,35,html,a2a4531a,Vincent Gao,2026-04-07,18:08:38,-07:00,2026-04-07T18:08:38-07:00,4,7
projects/index.html,36,html,a2a4531a,Vincent Gao,2026-04-07,18:08:38,-07:00,2026-04-07T18:08:38-07:00,6,35
projects/index.html,37,html,a2a4531a,Vincent Gao,2026-04-07,18:08:38,-07:00,2026-04-07T18:08:38-07:00,6,70
projects/index.html,38,html,a2a4531a,Vincent Gao,2026-04-07,18:08:38,-07:00,2026-04-07T18:08:38-07:00,6,257
projects/index.html,39,html,a2a4531a,Vincent Gao,2026-04-07,18:08:38,-07:00,2026-04-07T18:08:38-07:00,4,8
projects/index.html,40,html,a2a4531a,Vincent Gao,2026-04-07,18:08:38,-07:00,2026-04-07T18:08:38-07:00,4,7
projects/index.html,41,html,a2a4531a,Vincent Gao,2026-04-07,18:08:38,-07:00,2026-04-07T18:08:38-07:00,6,34
projects/index.html,42,html,a2a4531a,Vincent Gao,2026-04-07,18:08:38,-07:00,2026-04-07T18:08:38-07:00,6,70
projects/index.html,43,html,a2a4531a,Vincent Gao,2026-04-07,18:08:38,-07:00,2026-04-07T18:08:38-07:00,6,236
projects/index.html,44,html,a2a4531a,Vincent Gao,2026-04-07,18:08:38,-07:00,2026-04-07T18:08:38-07:00,4,8
projects/index.html,45,html,a2a4531a,Vincent Gao,2026-04-07,18:08:38,-07:00,2026-04-07T18:08:38-07:00,4,7
projects/index.html,46,html,a2a4531a,Vincent Gao,2026-04-07,18:08:38,-07:00,2026-04-07T18:08:38-07:00,6,35
projects/index.html,47,html,a2a4531a,Vincent Gao,2026-04-07,18:08:38,-07:00,2026-04-07T18:08:38-07:00,6,70
projects/index.html,48,html,a2a4531a,Vincent Gao,2026-04-07,18:08:38,-07:00,2026-04-07T18:08:38-07:00,6,234
projects/index.html,49,html,a2a4531a,Vincent Gao,2026-04-07,18:08:38,-07:00,2026-04-07T18:08:38-07:00,4,8
projects/index.html,50,html,a2a4531a,Vincent Gao,2026-04-07,18:08:38,-07:00,2026-04-07T18:08:38-07:00,4,7
projects/index.html,51,html,a2a4531a,Vincent Gao,2026-04-07,18:08:38,-07:00,2026-04-07T18:08:38-07:00,6,40
projects/index.html,52,html,a2a4531a,Vincent Gao,2026-04-07,18:08:38,-07:00,2026-04-07T18:08:38-07:00,6,70
projects/index.html,53,html,a2a4531a,Vincent Gao,2026-04-07,18:08:38,-07:00,2026-04-07T18:08:38-07:00,6,227
projects/index.html,54,html,a2a4531a,Vincent Gao,2026-04-07,18:08:38,-07:00,2026-04-07T18:08:38-07:00,4,8
projects/index.html,55,html,a2a4531a,Vincent Gao,2026-04-07,18:08:38,-07:00,2026-04-07T18:08:38-07:00,4,7
projects/index.html,56,html,a2a4531a,Vincent Gao,2026-04-07,18:08:38,-07:00,2026-04-07T18:08:38-07:00,6,31
projects/index.html,57,html,a2a4531a,Vincent Gao,2026-04-07,18:08:38,-07:00,2026-04-07T18:08:38-07:00,6,70
projects/index.html,58,html,a2a4531a,Vincent Gao,2026-04-07,18:08:38,-07:00,2026-04-07T18:08:38-07:00,6,218
projects/index.html,59,html,a2a4531a,Vincent Gao,2026-04-07,18:08:38,-07:00,2026-04-07T18:08:38-07:00,4,8
projects/index.html,60,html,a2a4531a,Vincent Gao,2026-04-07,18:08:38,-07:00,2026-04-07T18:08:38-07:00,4,7
projects/index.html,61,html,a2a4531a,Vincent Gao,2026-04-07,18:08:38,-07:00,2026-04-07T18:08:38-07:00,6,38
projects/index.html,62,html,a2a4531a,Vincent Gao,2026-04-07,18:08:38,-07:00,2026-04-07T18:08:38-07:00,6,70
projects/index.html,63,html,a2a4531a,Vincent Gao,2026-04-07,18:08:38,-07:00,2026-04-07T18:08:38-07:00,6,221
projects/index.html,64,html,a2a4531a,Vincent Gao,2026-04-07,18:08:38,-07:00,2026-04-07T18:08:38-07:00,4,8
projects/index.html,65,html,a2a4531a,Vincent Gao,2026-04-07,18:08:38,-07:00,2026-04-07T18:08:38-07:00,4,7
projects/index.html,66,html,a2a4531a,Vincent Gao,2026-04-07,18:08:38,-07:00,2026-04-07T18:08:38-07:00,6,34
projects/index.html,67,html,a2a4531a,Vincent Gao,2026-04-07,18:08:38,-07:00,2026-04-07T18:08:38-07:00,6,70
projects/index.html,68,html,a2a4531a,Vincent Gao,2026-04-07,18:08:38,-07:00,2026-04-07T18:08:38-07:00,6,217
projects/index.html,69,html,a2a4531a,Vincent Gao,2026-04-07,18:08:38,-07:00,2026-04-07T18:08:38-07:00,4,8
projects/index.html,70,html,a2a4531a,Vincent Gao,2026-04-07,18:08:38,-07:00,2026-04-07T18:08:38-07:00,4,7
projects/index.html,71,html,a2a4531a,Vincent Gao,2026-04-07,18:08:38,-07:00,2026-04-07T18:08:38-07:00,6,26
projects/index.html,72,html,a2a4531a,Vincent Gao,2026-04-07,18:08:38,-07:00,2026-04-07T18:08:38-07:00,6,70
projects/index.html,73,html,a2a4531a,Vincent Gao,2026-04-07,18:08:38,-07:00,2026-04-07T18:08:38-07:00,6,232
projects/index.html,74,html,a2a4531a,Vincent Gao,2026-04-07,18:08:38,-07:00,2026-04-07T18:08:38-07:00,4,8
projects/index.html,75,html,a2a4531a,Vincent Gao,2026-04-07,18:08:38,-07:00,2026-04-07T18:08:38-07:00,4,7
projects/index.html,76,html,a2a4531a,Vincent Gao,2026-04-07,18:08:38,-07:00,2026-04-07T18:08:38-07:00,6,31
projects/index.html,77,html,a2a4531a,Vincent Gao,2026-04-07,18:08:38,-07:00,2026-04-07T18:08:38-07:00,6,70
projects/index.html,78,html,a2a4531a,Vincent Gao,2026-04-07,18:08:38,-07:00,2026-04-07T18:08:38-07:00,6,236
projects/index.html,79,html,a2a4531a,Vincent Gao,2026-04-07,18:08:38,-07:00,2026-04-07T18:08:38-07:00,4,8
projects/index.html,80,html,a2a4531a,Vincent Gao,2026-04-07,18:08:38,-07:00,2026-04-07T18:08:38-07:00,4,7
projects/index.html,81,html,a2a4531a,Vincent Gao,2026-04-07,18:08:38,-07:00,2026-04-07T18:08:38-07:00,6,46
projects/index.html,82,html,a2a4531a,Vincent Gao,2026-04-07,18:08:38,-07:00,2026-04-07T18:08:38-07:00,6,70
projects/index.html,83,html,a2a4531a,Vincent Gao,2026-04-07,18:08:38,-07:00,2026-04-07T18:08:38-07:00,6,230
projects/index.html,84,html,e7094e90,Vincent Gao,2026-04-21,18:38:59,-07:00,2026-04-21T18:38:59-07:00,4,12
projects/index.html,85,html,a2a4531a,Vincent Gao,2026-04-07,18:08:38,-07:00,2026-04-07T18:08:38-07:00,2,4
projects/index.html,86,html,21ba8449,Vincent Gao,2026-04-02,22:03:52,-07:00,2026-04-02T22:03:52-07:00,0,0
projects/index.html,87,html,505be7c7,Vincent Gao,2026-04-27,17:56:04,-07:00,2026-04-27T17:56:04-07:00,2,0
projects/index.html,88,html,505be7c7,Vincent Gao,2026-04-27,17:56:04,-07:00,2026-04-27T17:56:04-07:00,0,0
projects/index.html,89,html,a2db19d9,Vincent Gao,2026-04-02,22:07:01,-07:00,2026-04-02T22:07:01-07:00,0,0
projects/index.html,90,html,eecbae07,Vincent Gao,2026-04-16,17:07:34,-07:00,2026-04-16T17:07:34-07:00,0,48
projects/index.html,91,html,e7094e90,Vincent Gao,2026-04-21,18:38:59,-07:00,2026-04-21T18:38:59-07:00,0,0
projects/index.html,92,html,e7094e90,Vincent Gao,2026-04-21,18:38:59,-07:00,2026-04-21T18:38:59-07:00,0,47
projects/index.html,93,html,e7094e90,Vincent Gao,2026-04-21,18:38:59,-07:00,2026-04-21T18:38:59-07:00,0,0
projects/index.html,94,html,21ba8449,Vincent Gao,2026-04-02,22:03:52,-07:00,2026-04-02T22:03:52-07:00,0,5
projects/index.html,95,html,21ba8449,Vincent Gao,2026-04-02,22:03:52,-07:00,2026-04-02T22:03:52-07:00,0,0
projects/index.html,96,html,21ba8449,Vincent Gao,2026-04-02,22:03:52,-07:00,2026-04-02T22:03:52-07:00,0,5
meta/index.html,1,html,1ac6a79d,Vincent Gao,2026-05-04,18:48:56,-07:00,2026-05-04T18:48:56-07:00,0,13
meta/index.html,2,html,1ac6a79d,Vincent Gao,2026-05-04,18:48:56,-07:00,2026-05-04T18:48:56-07:00,0,14
meta/index.html,3,html,1ac6a79d,Vincent Gao,2026-05-04,18:48:56,-07:00,2026-05-04T18:48:56-07:00,0,4
meta/index.html,4,html,1ac6a79d,Vincent Gao,2026-05-04,18:48:56,-07:00,2026-05-04T18:48:56-07:00,2,20
meta/index.html,5,html,1ac6a79d,Vincent Gao,2026-05-04,18:48:56,-07:00,2026-05-04T18:48:56-07:00,2,68
meta/index.html,6,html,1ac6a79d,Vincent Gao,2026-05-04,18:48:56,-07:00,2026-05-04T18:48:56-07:00,2,17
meta/index.html,7,html,1ac6a79d,Vincent Gao,2026-05-04,18:48:56,-07:00,2026-05-04T18:48:56-07:00,0,5
meta/index.html,8,html,1ac6a79d,Vincent Gao,2026-05-04,18:48:56,-07:00,2026-05-04T18:48:56-07:00,0,4
meta/index.html,9,html,1ac6a79d,Vincent Gao,2026-05-04,18:48:56,-07:00,2026-05-04T18:48:56-07:00,0,0
meta/index.html,10,html,1ac6a79d,Vincent Gao,2026-05-04,18:48:56,-07:00,2026-05-04T18:48:56-07:00,2,1
meta/index.html,11,html,1ac6a79d,Vincent Gao,2026-05-04,18:48:56,-07:00,2026-05-04T18:48:56-07:00,4,58
meta/index.html,12,html,1ac6a79d,Vincent Gao,2026-05-04,18:48:56,-07:00,2026-05-04T18:48:56-07:00,2,2
meta/index.html,13,html,1ac6a79d,Vincent Gao,2026-05-04,18:48:56,-07:00,2026-05-04T18:48:56-07:00,2,0
meta/index.html,14,html,1ac6a79d,Vincent Gao,2026-05-04,18:48:56,-07:00,2026-05-04T18:48:56-07:00,0,5
meta/index.html,15,html,1ac6a79d,Vincent Gao,2026-05-04,18:48:56,-07:00,2026-05-04T18:48:56-07:00,0,5
contact/index.html,1,html,21ba8449,Vincent Gao,2026-04-02,22:03:52,-07:00,2026-04-02T22:03:52-07:00,0,13
contact/index.html,2,html,21ba8449,Vincent Gao,2026-04-02,22:03:52,-07:00,2026-04-02T22:03:52-07:00,0,14
contact/index.html,3,html,21ba8449,Vincent Gao,2026-04-02,22:03:52,-07:00,2026-04-02T22:03:52-07:00,0,4
contact/index.html,4,html,21ba8449,Vincent Gao,2026-04-02,22:03:52,-07:00,2026-04-02T22:03:52-07:00,2,20
contact/index.html,5,html,21ba8449,Vincent Gao,2026-04-02,22:03:52,-07:00,2026-04-02T22:03:52-07:00,2,68
contact/index.html,6,html,7622be4b,Vincent Gao,2026-04-03,12:24:51,-07:00,2026-04-03T12:24:51-07:00,2,22
contact/index.html,7,html,3fc5f230,Vincent Gao,2026-04-03,12:50:31,-07:00,2026-04-03T12:50:31-07:00,2,41
contact/index.html,8,html,21ba8449,Vincent Gao,2026-04-02,22:03:52,-07:00,2026-04-02T22:03:52-07:00,0,5
contact/index.html,9,html,21ba8449,Vincent Gao,2026-04-02,22:03:52,-07:00,2026-04-02T22:03:52-07:00,0,4
contact/index.html,10,html,7622be4b,Vincent Gao,2026-04-03,12:24:51,-07:00,2026-04-03T12:24:51-07:00,2,16
contact/index.html,11,html,21ba8449,Vincent Gao,2026-04-02,22:03:52,-07:00,2026-04-02T22:03:52-07:00,0,0
contact/index.html,12,html,90479371,Vincent Gao,2026-04-03,14:33:47,-07:00,2026-04-03T14:33:47-07:00,2,97
contact/index.html,13,html,21ba8449,Vincent Gao,2026-04-02,22:03:52,-07:00,2026-04-02T22:03:52-07:00,2,2
contact/index.html,14,html,21ba8449,Vincent Gao,2026-04-02,22:03:52,-07:00,2026-04-02T22:03:52-07:00,0,0
contact/index.html,15,html,3fc5f230,Vincent Gao,2026-04-03,12:50:31,-07:00,2026-04-03T12:50:31-07:00,2,57
contact/index.html,16,html,21ba8449,Vincent Gao,2026-04-02,22:03:52,-07:00,2026-04-02T22:03:52-07:00,2,71
contact/index.html,17,html,21ba8449,Vincent Gao,2026-04-02,22:03:52,-07:00,2026-04-02T22:03:52-07:00,2,66
contact/index.html,18,html,09de8a93,Vincent Gao,2026-04-03,14:42:05,-07:00,2026-04-03T14:42:05-07:00,0,0
contact/index.html,19,html,a2db19d9,Vincent Gao,2026-04-02,22:07:01,-07:00,2026-04-02T22:07:01-07:00,0,0
contact/index.html,20,html,3fc5f230,Vincent Gao,2026-04-03,12:50:31,-07:00,2026-04-03T12:50:31-07:00,0,0
contact/index.html,21,html,1be3dbf0,Vincent Gao,2026-04-03,13:05:52,-07:00,2026-04-03T13:05:52-07:00,2,79
contact/index.html,22,html,3fc5f230,Vincent Gao,2026-04-03,12:50:31,-07:00,2026-04-03T12:50:31-07:00,4,5
contact/index.html,23,html,3fc5f230,Vincent Gao,2026-04-03,12:50:31,-07:00,2026-04-03T12:50:31-07:00,6,4
contact/index.html,24,html,1be3dbf0,Vincent Gao,2026-04-03,13:05:52,-07:00,2026-04-03T13:05:52-07:00,6,31
contact/index.html,25,html,3fc5f230,Vincent Gao,2026-04-03,12:50:31,-07:00,2026-04-03T12:50:31-07:00,4,6
contact/index.html,26,html,3fc5f230,Vincent Gao,2026-04-03,12:50:31,-07:00,2026-04-03T12:50:31-07:00,0,0
contact/index.html,27,html,3fc5f230,Vincent Gao,2026-04-03,12:50:31,-07:00,2026-04-03T12:50:31-07:00,4,5
contact/index.html,28,html,3fc5f230,Vincent Gao,2026-04-03,12:50:31,-07:00,2026-04-03T12:50:31-07:00,6,6
contact/index.html,29,html,1be3dbf0,Vincent Gao,2026-04-03,13:05:52,-07:00,2026-04-03T13:05:52-07:00,6,20
contact/index.html,30,html,3fc5f230,Vincent Gao,2026-04-03,12:50:31,-07:00,2026-04-03T12:50:31-07:00,4,6
contact/index.html,31,html,3fc5f230,Vincent Gao,2026-04-03,12:50:31,-07:00,2026-04-03T12:50:31-07:00,0,0
contact/index.html,32,html,3fc5f230,Vincent Gao,2026-04-03,12:50:31,-07:00,2026-04-03T12:50:31-07:00,4,5
contact/index.html,33,html,3fc5f230,Vincent Gao,2026-04-03,12:50:31,-07:00,2026-04-03T12:50:31-07:00,6,6
contact/index.html,34,html,678ac95a,Vincent Gao,2026-04-03,14:28:27,-07:00,2026-04-03T14:28:27-07:00,6,31
contact/index.html,35,html,3fc5f230,Vincent Gao,2026-04-03,12:50:31,-07:00,2026-04-03T12:50:31-07:00,4,6
contact/index.html,36,html,3fc5f230,Vincent Gao,2026-04-03,12:50:31,-07:00,2026-04-03T12:50:31-07:00,0,0
contact/index.html,37,html,3fc5f230,Vincent Gao,2026-04-03,12:50:31,-07:00,2026-04-03T12:50:31-07:00,4,21
contact/index.html,38,html,3fc5f230,Vincent Gao,2026-04-03,12:50:31,-07:00,2026-04-03T12:50:31-07:00,2,5
contact/index.html,39,html,4572ccc1,Vincent Gao,2026-04-16,17:00:56,-07:00,2026-04-16T17:00:56-07:00,2,48
contact/index.html,40,html,3fc5f230,Vincent Gao,2026-04-03,12:50:31,-07:00,2026-04-03T12:50:31-07:00,0,0
contact/index.html,41,html,3fc5f230,Vincent Gao,2026-04-03,12:50:31,-07:00,2026-04-03T12:50:31-07:00,0,5
contact/index.html,42,html,3fc5f230,Vincent Gao,2026-04-03,12:50:31,-07:00,2026-04-03T12:50:31-07:00,0,0
contact/index.html,43,html,21ba8449,Vincent Gao,2026-04-02,22:03:52,-07:00,2026-04-02T22:03:52-07:00,0,5
